"PID","DEWPOINT_AFFECTED"
197,0
348,0.002
328,0
422,0
1073,0
245,0
645,0
1648,0
199,0
376,0
1734,0
1297,0
646,0.008
844,0
1649,0
1784,0
247,0
1576,0
248,0
225,0
1847,0
249,0
226,0
1744,0
227,0
1785,0
1603,0
1605,0
652,0.006
653,0
829,0.34
516,0.124
229,0
517,0
1922,0
278,0
333,0
231,0
232,0.014
1790,0
830,0
1583,0.004
849,0.176
335,0
1925,0
383,0.308
1656,0
1587,0.002
234,0.002
1657,0
280,0
339,0
1590,0.084
236,0
502,0
1515,0
1796,0
1595,0
1868,0
983,0.04
1797,0
1798,0.046
509,0
1292,0
243,0
510,0
1294,0.004
986,0.004
630,0.018
1937,0
1938,0
466,0.04
365,0
1159,0
973,0.01
467,0
1317,0.036
1544,0
1160,0.442
900,0.334
128,0.004
129,0.41
975,0.086
469,0.01
1319,0.588
903,0
1162,0.004
1322,0
905,0
366,0
1164,0.01
1617,0
1551,0
471,0.004
1168,0.008
909,0.01
370,0.114
1475,0.292
133,0
1477,0
1326,0
134,0.538
912,0.104
1328,0.038
1086,0.61
1329,0.056
2145,0.136
579,0.406
1331,0.38
580,0.448
581,0.168
372,0.036
374,0
2796,0
920,0
1173,0.002
2153,0
138,0
1174,0
139,0
582,0
1176,0
401,0
402,0
140,0
403,0.024
1557,0.036
2155,0.028
585,0.096
1178,0.148
1560,0.138
1091,0.198
1676,0.216
3256,0.01
1679,0.462
2977,0.016
3257,0.064
8594,0
6547,0
8147,0
6945,0
7056,0
7493,0
7494,0
6261,0
6553,0.002
7060,0
7495,0.004
7212,0
7213,0.51
6264,0
8301,0.14
7497,0
9193,0
8160,0.004
7499,0
7500,0
9403,0.134
9404,0
7131,0.46
7132,0.002
9263,0
6557,0
8161,0
8305,0
9268,0
6562,0
7676,0
9409,0
9015,0
7679,0.01
17726,0
16320,0
17523,0.004
17509,0
17728,0
17510,0
16464,0.006
17729,0
16324,0
18685,0
17495,0
17530,0
16485,0.004
17512,0
19766,0
18715,0
17754,0.036
18716,0.058
18501,0
17411,0
17731,0
16467,0.002
17732,0
17733,0
17718,0
16618,0
18506,0
18895,0
18820,0.036
18507,0.31
16622,0
16623,0
17737,0
19956,0
17720,0
17763,0
16625,0.006
19958,0
16627,0
18824,0
18901,0
17747,0
18902,0
16629,0
16630,0
18826,0
17505,0
4114,0.054
2223,0.374
2247,0.01
2225,0.034
2248,0
3666,0.002
1682,0.798
2982,0
2983,0
2985,0.382
3668,0.088
2227,0
2228,0.024
3669,0.074
2251,0
2880,0.212
1686,0.734
4376,0.002
2230,0.866
2991,0.894
4120,0.08
2255,0.008
3510,0.004
4377,0.002
4121,0.054
2256,0.012
3673,0
3511,0.016
2257,0.026
2992,0.448
2882,0.004
1815,0.078
2883,0.46
4124,0.022
2234,0.268
2241,0
1824,0
2888,0
4283,0.022
3518,0.002
9730,0
8212,0
10722,0
8191,0
9732,0
9051,0.002
9052,0
9734,0
10351,0.532
8193,0
10232,0
10233,0.002
10352,0.002
8194,0.006
9735,0
9560,0
9058,0.002
10234,0.006
10702,0.004
8195,0.044
10704,0.006
10238,0
10239,0
9704,0
8197,0
9850,0
9705,0
9565,0
9060,0.116
10858,0
10241,0
9061,0
9741,0
8396,0
10713,0.002
8397,0
9567,0
9062,0.022
10359,0.502
10245,0
10246,0
9745,0.352
10247,0.002
9064,0
8203,0
9711,0
10363,0
10869,0
8406,0
9714,0
12256,0
10254,0
10365,0
10366,0
9221,0
10257,0
9862,0
9222,0.088
8892,0
11722,0
12055,0
10191,0
10914,0
11172,0
10192,0.094
12619,0.136
9046,0
9047,0
10193,0
10615,0.002
10916,0.644
12020,0.388
9049,0
12809,0
10194,0
12058,0
10195,0
10196,0
9995,0
12022,0
10197,0
11725,0
11777,0
11195,0.014
11306,0
9050,0
11307,0
10918,0
11308,0.004
10198,0
9997,0.108
11309,0.542
9998,0
8018,0
5236,0
5887,0
3984,0.008
5053,0.006
8021,0
6071,0.004
6491,0
5890,0
6494,0
6379,0
5024,0.498
3990,0
5993,0
6382,0
6383,0
5999,0
3999,0.116
4154,0
6316,0
5030,0
8321,0.048
6002,0
6003,0
5397,0.324
4157,0.928
5239,0.728
5240,0.286
5241,0
6603,0
6203,0.014
6608,0
5264,0.014
4161,0
6612,0
6394,0
6395,0
4163,0
6616,1
5243,1
8216,1
6617,1
6624,1
5268,1
4164,1
6618,1
6011,1
6625,1
6619,1
5269,1
6452,1
6206,1
5270,1
1949,0
632,0
1950,0
2272,0
1951,0
3774,0.002
2273,0
1904,0
290,0
1135,0
1953,0
2046,0
291,0
1954,0
2275,0
293,0
4007,0
1957,0
1524,0
1525,0.006
634,0
1979,0
2050,0
296,0
325,0
1911,0
2280,0
1961,0
636,0
1964,0
2055,0
1534,0
2284,0.006
2056,0
639,0
1989,0
2286,0.012
2058,0
2059,0.028
640,0.022
641,0.646
1145,0
2290,0
2091,0
326,0
2092,0
71,0.016
1054,0.32
823,0.224
72,0.022
214,0
252,0.044
587,0.2
805,0.028
216,0.098
944,0.008
254,0.31
255,0.316
945,0.026
589,0
563,0.11
54,0.148
748,0.1
218,0.144
76,0.122
564,0.33
1196,0.05
749,0.482
55,0.062
592,0.188
712,0.008
260,0.206
261,0.298
57,0.01
77,0.006
1199,0.02
262,0.202
713,0.014
568,0
569,0.15
811,0.002
222,0.006
1110,0.318
597,0
1183,0.018
599,0.776
812,0
223,0.008
1185,0.354
717,0.066
719,0.436
80,0.528
62,0.006
81,0.76
266,0
816,0
1204,0
83,0
84,0
85,0.004
1276,0
268,0.03
600,0
817,0.006
601,0.002
722,0
956,0
269,0.084
87,0.022
705,0.3
1280,0.926
66,0.05
1281,1
1193,1
1112,1
724,1
1113,1
67,1
1283,1
68,1
1385,1
69,1
821,1
725,1
88,1
708,1
70,1
251,1
6620,0
6012,0.098
26002,0
4972,0
6453,0.132
6454,0
6013,0
6621,0
4973,0
6016,0.006
6400,0
4975,0
5271,0
26006,0
5218,0
6403,0
6628,0
6880,0
7098,0.006
4167,0.002
5273,0
6777,0
5222,0
5255,0.834
6462,0
4981,0.026
5275,0
6631,0
4170,0
4172,0
7899,0
5276,0
6148,0
5259,0.002
6634,0
6890,0.044
5227,0
4174,0
5228,0
6782,0
5229,0
6414,0
5515,0
5517,0
5091,0
4479,0.202
5519,0
6468,0
4481,0
5284,0
5235,0.004
6160,1
5520,1
6161,1
5521,1
5285,1
5522,1
5095,1
5286,1
5287,1
8066,1
0,0
543,0
321,0.018
605,0.424
34,0
693,0.108
1,0.026
680,0
2,0
166,0.014
757,0.092
479,0
304,0.052
530,0.018
168,0.382
682,0.334
482,0
170,0.028
104,0
105,0.014
172,0.188
451,0.002
174,0.842
612,0
430,0
40,0.004
202,0
8,0.034
110,0.006
45,0
25,0
205,0
686,0
13,0
47,0
311,0
493,0
495,0
48,0
622,0
50,0
15,0
30,0
317,0
319,0
17,0
558,0
122,0.004
442,0.072
53,0.048
212,0.006
213,0
1483,0
921,0
987,0
1388,0
1633,0
1389,0
989,0.122
145,0
407,0
922,0
1562,0
396,0
1764,0
2511,0.006
1635,0
1765,0
923,0
2336,0
1390,0
400,0.012
1766,0
1717,0
1391,0
1768,0
1392,0
992,0
148,0
1639,0
453,0
928,0
175,0
994,0
1720,0
1055,0
1722,0
1056,0
1564,0
732,0
177,0
415,0
178,0
456,0
1565,0
1771,0
458,0
1060,0
460,0
1643,0
1773,0.046
183,0
418,0
1567,0
1645,0.004
1001,0
740,0.27
1067,0
464,0.008
465,0.026
190,0.298
191,0
1731,0.002
192,0.002
1574,0
1156,0.548
193,0.804
1778,0
196,0.008
5480,0
3373,0
5424,0.014
4268,0
3224,0
4270,0
4465,0
5507,0.002
3228,0.002
4467,0.002
3378,0
3229,0
4468,0.016
6162,0
5535,0
4491,0
6283,0
7013,0
5310,0
6163,0
4492,0
6017,0.086
5288,0
6164,0
5313,0
6338,0
5290,0
7540,0
4493,0
4494,0
5097,0.026
7812,0.02
4495,0
6023,0
6774,0.018
4496,0
5099,0
5296,0.012
7083,0
5297,0
6797,0
5103,0
5104,0
5592,0
5105,0
4497,0
6287,0
5106,0
4498,0
4484,0
5594,0
6031,0
6801,0
5303,0
4485,0
5305,0
5449,0
5530,0
7006,0
6758,0
4499,0.03
5108,0
6954,0
6759,0
5450,0
6289,0
7025,0
6335,0
6762,0
6504,0.004
5532,0
5213,0
5600,0.002
6294,0
6767,0
5451,0
10505,0.062
9425,0
10506,0.768
10531,0.65
11506,0.642
11735,0.006
10165,0
10166,0.422
11507,0.038
10167,0.012
11539,0.374
13093,0.628
10508,0.83
9427,0.218
11103,0.046
9428,0.004
9429,0.96
11540,0.264
13096,0.374
11104,0.354
11738,0.008
11510,0.026
9430,0.066
12856,0
11226,0.122
12857,0.76
10510,0
12223,0
11228,0
11106,0.038
11547,0.816
10532,0.55
9432,0.444
12860,0.326
12225,0.116
11512,0.342
12863,0.052
12402,0.658
10170,0.404
10538,0
9438,0
10542,0
11235,0
10174,0
10325,0
13063,0
11517,0
12409,0
10331,0
12871,0
12412,0
12872,0.052
11679,0
10332,0.14
14662,0.578
14559,0.036
14259,0.01
13327,0.108
14535,0
15178,0
14663,0
14261,0
15722,0
15723,0.012
13532,0.002
14561,0
14665,0.022
14537,0
14562,0
15183,0
13535,0
13536,0
14262,0
16530,0
16799,0
16830,0.798
15917,0
15330,0
15767,0
14678,0
15332,1
14834,1
15333,1
14835,1
15349,1
14836,1
13547,1
14571,1
13549,1
14271,1
3380,0
5068,0
4058,0
4925,0
4060,0
3596,0
5178,0
4035,0
2778,0.002
3381,0
4826,0
3382,0
3800,0
2781,0.318
5180,0
5181,0
2782,0.012
4038,0
4039,0
5182,0
4040,0
2783,0
5183,0.036
3802,0
4042,0
4066,0
3385,0
5073,0.002
5185,0
5074,0
3388,0
3389,0
3390,0
4477,0
4068,0.028
5117,0
3804,0
5078,0
3391,0
4047,0
2965,0
5081,0
4048,0.002
3046,0
3810,0
5190,0
3050,0.002
5357,0
3051,0
4050,0
3522,0.032
2788,0.31
4662,0.002
5372,0
4203,0.124
5193,0.08
2789,0.044
4075,0.002
5084,0.058
5135,0.08
3053,0.026
5578,0.006
4665,0
5941,0
4944,0
6056,0
4945,0
4667,0
4668,0
3525,0.1
3526,0
3527,0.286
5925,0
5754,0
5907,0
3543,0
3544,0
4947,0
4672,0
5756,0.368
4674,0
5757,0
6064,0
5927,0
4599,0
5758,0.178
5913,0.018
4675,0.086
5664,0
4676,0
5582,0
3546,0
3547,0.13
4841,0
5742,0
5583,0
3650,0
6043,0
3651,0
3652,0
5761,0
4600,0
4952,0
4602,0
3654,0
4603,0
4748,0
4604,0
4844,0
5743,0
4680,0
6221,0
5979,0
4933,0
3535,0
5744,0
5746,0
4954,0.002
5765,0
4605,0
3536,0
5867,0
4846,0
4847,0
4751,0
4956,0
4752,0
4958,0
6104,0
4832,0
5751,0
4833,0
4754,0
7428,0
8736,0
8751,0
10305,0
10289,0
10693,0.002
7413,0
7557,0
8493,0.044
8580,0
8514,0
9606,0.002
11133,0
8740,0
8566,0.056
8495,0
7415,0.024
9468,0
8799,0.002
8568,0.004
8585,0.026
9608,0
8801,0.006
9595,0.002
7417,0
8588,0
8571,0
8572,0
10698,0.03
7418,0
7561,0.426
8691,0
8761,0.414
7563,0.04
8506,0
7421,0
8509,0
7422,0.058
7424,0
8745,0
8792,0
9601,0
8746,0
8574,0
9602,0.022
10756,0
7567,0
10320,0
11148,0
8749,0
11150,0.114
8697,0.164
7426,0.258
7427,0.004
8511,0
8700,0
12948,0.046
13786,0
14741,0
13787,0
13996,0
13788,0
14742,0.286
14744,0
13789,0.002
13906,0
15582,0
13998,0
13791,0.002
13792,0
13793,0.002
14096,0
14751,0
14098,0.002
13129,0
14753,0
16067,0.026
14000,0
14877,0.01
14907,0
14727,0.024
14730,0.004
14757,0
15444,0
15868,0.012
13134,0.044
13798,0
14104,0
14005,0
14866,0
15017,0
13916,0
14887,0
14888,0
13804,0
15874,0.002
13918,0
15875,0
14235,0
14891,0.024
13139,0
13141,0
8852,0
8472,0
8853,0
6092,0.056
7789,0
7113,0
6721,0
6567,0
6568,0
8476,0
7289,0
6570,0
7790,0
9130,0
8857,0
7937,0
6928,0
7958,0
9500,0
7294,0
9133,0
6246,0
7938,0
6573,0.002
7939,0
6675,0
9415,0
6249,0
8460,0
6930,0
8484,0
7122,0
6250,0.046
6251,0
9514,0.004
6935,0.026
7123,0
7124,0
7799,0
6680,0.018
6936,0.152
6252,0
7406,0
7125,0
9139,0
7802,0.02
6254,0
9461,0.052
7804,0.014
6938,0.396
7127,0.278
8489,0.082
7950,0
6941,0
8490,0
7205,0
7807,0
6683,0.002
8331,0.004
5403,0
7779,0
6207,0
7606,0.002
7781,0
5408,0
7733,0
8334,0
6209,0
8335,0.47
6211,0
8104,0.002
7912,0
8683,0
8221,0
7396,0
6724,0
6213,0
8223,0
6725,0
26222,0
6214,0
8224,0
26223,0
6364,0
6215,0
6365,0
6216,0
6906,0
7914,0.132
8524,0
7403,0
26226,0
8525,0.282
8229,0
6730,0
6217,0
7918,0
5618,0
7919,0
5619,0
6219,0.008
7584,0
8527,0
7585,0
6734,0.002
8529,0
5622,0
12311,0
9583,0
11248,0
9584,0
12314,0
11690,0
9585,0
10787,0
10727,0
11401,0
9802,0
11631,0
11632,0
12679,0
9587,0.106
9588,0
11634,0
9805,0.006
12683,0.024
9589,0.116
10988,0
11816,0
10660,0
11695,0
11696,0
10790,0
10791,0
10602,0
9096,0
7706,0
11501,0.002
8926,0
7855,0.002
10464,0.028
9913,0.042
7835,0.008
8412,0.348
9156,0.08
9866,0
9867,0.004
11225,0
9162,0
10933,0
7841,0
8963,0
8932,0
9871,0
9164,0
9872,0
7844,0
8934,0
11086,0
9104,0
7845,0
8625,0
9167,0
10473,0
11593,0
9168,0
8937,0
8939,0
10101,0
9148,0
10026,0
10456,0
9321,0
10027,0
10102,0
8940,0
10627,0
10104,0
9322,0
10105,0
10028,0
7848,0
10459,0
9107,0.006
10122,0
1379,0
1341,0
89,0
1116,0
727,0
274,0
1118,0
1119,0
1995,0
351,0
2009,0.004
1345,0.02
1121,0
352,0
91,0
1348,0.004
1459,0
1349,0
885,0
1350,0
357,0
1125,0
94,0
887,0
1464,0.002
1352,0
2002,0
1127,0
1128,0
1130,0
890,0
1353,0.566
1354,0.008
891,0
892,0.286
361,0.012
99,0
894,0.158
1311,0.004
362,0
4448,0
1467,0
2004,0
1315,0
6270,0.002
6698,0.02
9039,0.728
8128,0
6828,0
6423,0.01
8129,0.004
6439,0.006
7153,0
7154,0.002
7226,0.008
8134,0.222
8135,0
8444,0
7078,0
7141,0
7142,0.002
9204,0.008
7143,0
8541,0.004
8377,0
6428,0
6430,0.004
8834,0
6431,0
7436,0
6524,0
7260,0.594
6432,0.004
7318,0.052
7284,0
8290,0.028
8383,0.12
7319,0
8384,0
7261,0.122
6843,0
7321,0
7269,0
7270,0.004
7287,0
11024,0.006
11825,0
11324,0
9976,0
9977,0
10048,0
12004,0
8873,0
11764,0
10176,0
11179,0
11180,0
11181,0
9978,0
11066,0
11067,0
12051,0.282
12743,0.01
11254,0
11795,0
12227,0
12228,0
12229,0
13389,0.006
12103,0
11617,0
11618,0.002
11797,0.002
11572,0
12635,0
11573,0
12231,0
12232,0
12750,0
10812,0
11799,0
13846,0
11800,0
12108,0.058
13636,0
10815,0
10816,0.092
11801,0
10818,0.136
12112,0.062
12238,0.05
12240,0
11931,0.002
12114,0
12643,0.038
11933,0.308
12115,0.002
10822,0
11730,0
11936,0
12244,0.022
11101,0
11732,0
11827,0
13647,0
11938,0
12649,0
11939,0
3149,0
4387,0
2418,0
3150,0
4086,0
3151,0.002
3152,0
3153,0
3154,0
4389,0
4286,0
4087,0
4088,0
4090,0
3156,0
2419,0
4288,0
3848,0
4092,0
3157,0.452
4392,0
4393,0.014
1828,0
1829,0.018
4394,0
4093,0
6988,0
2421,0
1830,0
3849,0
1831,0
4396,0
4962,0
4397,0
3159,0
2423,0
3953,0
3954,0
4289,0.002
4095,0
7364,0
4098,0
4099,0
3162,0
1833,0
6995,0
7339,0
3163,0
4733,0
4398,0
1834,0
4101,0
4290,0.228
3955,0
4102,0
3164,0.18
4291,0.006
7340,0
2425,0
2426,0.004
4293,0
4556,0
4304,0
4968,0
3165,0
1836,0
3956,0
2428,0
6657,0
6658,0
4305,0
2430,0.02
4307,0
1990,0.32
4562,0
4563,0.032
6872,0.004
3167,0.054
1992,0
2431,0
8809,0
8810,0
8046,0
7687,0.034
9110,0
10479,0
9329,0
9523,0
8703,0
9286,0
7689,0
9331,0.002
8048,0
10323,0
7875,0
8815,0
8049,0
9112,0
7877,0
11098,0
10636,0
8706,0.102
7691,0
8707,0
7878,0.028
8943,0
8709,0
8944,0
9528,0
8054,0
9116,0
8055,0
8710,0
9233,0
11343,0
8713,0
8714,0
7694,0
9336,0
7695,0
10641,0
8715,0
9242,0
7703,0
9421,0
8953,0
8043,0
9275,0
8060,0
8044,0
9343,0
10592,0
9697,0
3421,0.218
1147,0.014
2072,0.054
1092,0
1093,0
2527,0.016
3406,0.004
2792,0
1149,0
3563,0
2074,0.67
1150,0
2794,0.052
1097,0
3412,0
3612,0
2530,0
2076,0
2077,0
2078,0.002
3427,0.014
1099,0
2079,0
2080,0
3568,0.002
2081,0
2821,0.026
3614,0.002
2531,0
2083,0
1896,0.002
3615,0
2823,0
1897,0.956
2084,0
2951,0.01
3570,0.02
2085,0.15
3645,0
1898,0
2953,0
1900,0
2536,0
2086,0
1422,0.052
2955,0.068
1105,0
2957,0
2537,0.002
2826,0
1902,0.01
3415,0.004
3432,0.104
3727,0
2827,0.022
2088,0.002
3195,0
4521,0
2398,0
2399,0.008
3905,0.004
3175,0
2400,0
4800,0
2575,0
2576,0.004
3573,0
2401,0
2589,0
4649,0
3350,0
3759,0
2407,0
3909,0
2409,0
2410,0
4785,0
2772,0.002
3763,0
2773,0
2411,0
3190,0
3591,0
2580,0
4030,0
2581,0
3191,0
3916,0
4512,0
2413,0
4824,0.012
3594,0
20993,0
20826,0.212
20827,0
20994,0
20512,0.052
19271,0
19079,0
19080,0
20501,0
19081,0
20335,0
20876,0
19272,0
20833,0
22103,0
20337,0
19721,0.3
22068,0
19274,0
19723,0
20514,0
20880,0.002
20515,0.002
19084,0.082
20340,0
20536,0
19730,0.002
19732,0
20841,0.012
20504,0
20538,0.172
20341,0
21249,0
19085,0
20540,0
20505,0
20842,0
19283,0
19734,0
19440,0
20544,0
19285,0
20844,0
20347,0
20520,0
20524,0
19286,0
20845,0
22236,0
21258,0
21159,0
20526,0
20547,0.014
19737,0.16
19738,0.142
20528,0
20529,0
19090,0
20530,0.002
20977,0
20978,0
22118,0.486
20979,0.038
19570,0
20674,0
20511,0
20895,0
20983,0.322
16989,0.018
14272,0.22
15351,0.218
15021,0
15462,0.156
15464,0
14273,0.052
15466,0
15469,0
14277,0
16875,0
16876,0.002
15028,0.002
17196,0
17280,0
14279,0
15801,0.498
14033,0.096
15032,0.474
16881,0.008
15802,0.094
15588,0.002
17202,0
14038,0
14040,0
17339,0
15161,0
15476,0
15109,0.004
15311,0
17563,0
15806,0
14042,0
15163,0
15590,0
14043,0
17038,0
16460,0
14044,0
17002,0
15477,0
17039,0
14046,0
15166,0
17656,0
16813,0
15809,0
14485,0.002
15478,0.004
17041,0
15593,0.002
15811,0
14486,0
14047,0
15169,0
14048,0
15480,0
15313,0
14488,0
17007,0.004
14489,0
15481,0.036
14049,0.008
15314,0.052
16816,0
16817,0.002
17009,0.002
13760,0
16197,0
13956,0
12788,0
16646,0
14491,0
15485,0
15394,0
13761,0
14414,0
13958,0
15395,0
14493,0
13959,0
12790,0
13962,0
14416,0.008
14950,0
14417,0
12792,0
13314,0
13964,0
13764,0
13965,0
14418,0
16409,0
13967,0
14419,0
12795,0.11
15604,0
15399,0
14499,0
14500,0
15982,0
13316,0
13969,0
14957,0
14420,0
12796,0
14501,0
13767,0
15404,0
15609,0
14421,0
15214,0
13769,0
13770,0
16019,0
15405,0
13772,0.03
15216,0
13319,0
16519,0.148
14425,0
13974,0
13320,0
14657,0.174
14400,0
15714,0.026
13322,0
14426,0
17447,0
19673,0
19248,0.072
18471,0
18427,0
18930,0
20773,0.184
19548,0
17448,0
19829,0
21240,0.032
18416,0
17449,0
19551,0
18472,0
18932,0
18429,0
19674,0
17452,0
20184,0
17453,0
19553,0
19675,0
18934,0
17456,0
19555,0
18936,0
18474,0
17458,0
17459,0
19558,0
20593,0
20782,0
18475,0
17462,0
18571,0
19678,0
19561,0
20316,0
19562,0
20194,0
19834,0
17590,0
17591,0
18576,0
19565,0
18435,0
19255,0
18480,0
18438,0
22827,0
19068,0
20558,0
19256,0
18481,0
20753,0
19071,0
17595,0
20560,0
18483,0
18484,0
17597,0
18485,0
19685,0
20564,0
19568,0
21941,0
18441,0
19073,0
21942,0.002
19569,0
19697,0
19698,0.004
18593,0
18594,0
20796,0
18595,0
19700,0.664
17600,0
20332,0.004
19690,0.004
18596,0
18581,0.002
13438,0
13293,0
14199,0
14227,0
12136,0
14770,0
13294,0
13296,0
12139,0
13299,0
13346,0
13442,0
13201,0
12358,0
14361,0
13308,0
13202,0
13428,0
13350,0
14585,0
13310,0
14721,0
14586,0
13445,0
13429,0
14587,0
13785,0
19786,0
20121,0
19787,0
22438,0
19573,0
20122,0.012
21165,0
22439,0
20897,0
22240,0
19743,0
21672,0
21268,0
19744,0
21167,0.004
21168,0
19789,0
19791,0
19792,0.012
19793,0
19576,0
21673,0
19794,0
19772,0
21170,0
21452,0
19922,0
21454,0
21340,0.026
20986,0
21171,0
19774,0.072
19923,0
19577,0
19578,0.004
20280,0
21081,0
20988,0
21347,0
19586,0
21084,0
21462,0
21329,0
21348,0
20990,0
19932,0
21434,0
21466,0.004
22290,0
19934,0
19935,0
19936,0
22602,0
19589,0
21601,0.144
19590,0.548
19938,0.128
20288,0.874
19939,0.644
19782,0.702
21532,0.826
21439,0.642
19783,0.318
20992,0.236
19784,0.49
21092,0
21442,0
19940,0
23890,0.002
23150,0
23272,0
24063,0
22135,0
22531,0
24065,0
23513,0.104
23273,0
23274,0.028
24515,0.016
24066,0
23154,0.004
23533,0
24688,0
22536,0
23472,0
24315,0
23427,0
21474,0
22607,0
21619,0
22263,0.006
21651,0
19944,0
20452,0
21652,0.008
21653,0
23432,0
21654,0
22610,0
21655,0
21622,0
21657,0
23233,0.036
23401,0
20457,0.37
21623,0
21815,0
20458,0
21537,0.322
21776,0
21819,0
23362,0
21660,0
21540,0
21541,0.048
20102,0.068
21543,0
21544,0
22620,0
21662,0.002
21664,0
20643,0
20107,0
21546,0.786
22085,0
20110,0
21579,0.028
20115,0
22092,0.2
21793,0
20117,0.038
21669,0
20118,0
23542,0.004
21670,0.002
23381,0
20467,0
22097,0.028
20468,0
24257,0
22551,0
23741,0.018
22099,0
20469,0
22998,0
21797,0
22741,0.004
22729,0.002
21798,0
21799,0
22744,0
24261,0
23002,0
24768,0
22746,0
20472,0
22100,0
24363,0
21800,0
23005,0
28500,0
23006,0
22252,0
23414,0
21801,0
22751,0
20625,0
21802,0
24367,0
21804,0
24368,0
21805,0
24104,0
22734,0
22905,0.064
24107,0
20629,0
24370,0
23422,0.036
22910,0.002
23753,0.002
22736,0.028
22256,0.038
20630,0.004
22911,0.002
20632,0
23425,0.01
22261,0
20633,0.008
23426,0.244
15924,0.394
17109,0
15925,0
15926,0
18076,0
18205,0
14976,0
17110,0
17111,0
18206,0
14977,0.04
17476,0
17087,0
18210,0
17185,0
17480,0
14979,0
18080,0
15929,0
16119,0
24579,0
24580,0
21019,0
24581,0
24309,0
21020,0
24582,0
23455,0
23704,0
24583,0.002
21023,0
21175,0.002
23706,0
24585,0.006
21178,0
23707,0
21179,0
21180,0
22309,0
22426,0
22577,0
24587,0
24713,0
28587,0
22311,0
22578,0
24311,0
24337,0
23713,0
28588,0
21182,0
24714,0
21184,0.1
24338,0
21185,0
24716,0
24339,0
23461,0
21186,0.012
23840,0
23842,0
28590,0.004
28591,0.006
23615,0
21188,0.018
22584,0
22318,0
22319,0
24347,0
23617,0
24720,0
21193,0
23847,0
22592,0
28597,0
24721,0
23850,0
22320,0.012
16696,0.206
15146,0
15296,0
16364,0
16146,0.518
16381,0
16147,0
15425,0
16701,0
15299,0
15428,0
16599,0
16385,0
15657,0
16600,0
16423,0.008
16424,0
15151,0
15152,0
15304,0
16368,0
15154,0
15155,0
16425,0
16152,0
15157,0
15307,0
16427,0
15659,0
15308,0
16563,0
16777,0.002
15310,0
16582,0
16371,0
15411,0
15413,0
17876,0.01
15286,0.058
15414,0
15417,0
16372,0
15788,0
15291,0
16436,0.03
16437,0.016
16588,0
16784,0
16573,0.004
16161,0.002
16611,0
15294,0.01
15420,0
16162,0
16590,0
16591,0
16968,0
16763,0
16378,0
16313,0
15295,0
16380,0
15794,0
15795,0
23138,0
24873,0
23140,0
24487,0
24874,0
21955,0
24489,0.162
24664,0.508
23174,0
21957,0
24665,0
21959,0
21960,0
23177,0.036
24926,0.312
28675,0.004
24668,0
24432,0
24903,0
24433,0
22364,0
24895,0
24558,0
23897,0.102
25030,0
22365,0
25032,0
24758,0
25035,0
23900,0
25074,0.11
23659,0
24759,0
23660,0
24561,0
23661,0
23865,0
22368,0
25116,0
22369,0
23902,0
23727,0
23728,0.008
23729,0
22544,0
23730,0
22545,0
24645,0
23904,0.004
25038,0
23905,0
25039,0.002
23733,0
23572,0
23869,0
24647,0
24648,0
24826,0.012
23574,0
24912,0
24981,0
23736,0
24982,0
23737,0
22371,0
24827,0
24651,0
25123,0
22550,0
23577,0
24543,0
23908,0
22373,0
15082,0
15083,0.008
13493,0
15835,0
12483,0.004
13979,0
15219,0
13621,0
27285,0
14785,0.342
16041,0
14081,0
12487,0.004
16027,0.002
12488,0
15567,0
12928,0.086
12489,0
12490,0
13624,0
14787,0
16045,0
13625,0.002
13778,0.18
13498,0
14789,0
14085,0
16049,0.002
13501,0
13627,0
12936,0.002
13780,0.016
13628,0
13503,0.01
12939,0
14791,0
13982,0.022
12941,0
12495,0
14792,0
13629,0
14794,0
15524,0
16053,0
13806,0
13657,0
13807,0
13658,0
12496,0
15574,0
14090,0
16037,0
15233,0
15529,0
13660,0
13661,0
13662,0.014
13989,0.172
14091,0.01
13990,0.006
13809,0
15530,0.052
12946,0.346
15531,0.104
13991,0
12498,0.152
16060,0.168
13811,0.004
10618,0
13241,0
12248,0
11554,0
11781,0
12651,0
12250,0
13868,0
12251,0
11782,0
12126,0.052
13465,0
12378,0
12829,0.012
13467,0.002
11557,0
12729,0
13870,0
10623,0
13247,0
12731,0
11830,0
11558,0
13365,0
13469,0.048
13470,0
12772,0
10802,0
11783,0
10804,0
12732,0
12733,0
13875,0
11786,0.656
13876,0
12902,0.59
12735,0
14320,0
12335,0.01
12737,0
11269,0
12739,0
12740,0
13878,0
11790,0
11791,0
14322,0
12841,0
11793,0.004
11562,0
12390,0.004
12391,0.118
12340,0.064
11565,0
13386,0.002
13812,0
15533,0
13813,0
13666,0
13814,0
13667,0.176
15535,0
15247,0
12777,0
13815,0.07
15536,0
27307,0
15738,0
14801,0
27308,0
12778,0
27309,0
27310,0
15741,0
16188,0
15742,0
14804,0
13670,0
27311,0
16190,0
14805,0
15251,0
15253,0
15744,0
15745,0
13671,0
13672,0
15746,0
13820,0
12781,0
13821,0
15257,0
15752,0
14938,0
27314,0
16192,0
13675,0
15387,0
27316,0
27318,0.002
14940,0
14941,0
13676,0
13677,0
13679,0
13825,0
15389,0
16194,0
13680,0
13827,0
13756,0.002
27322,0
15392,0
15759,0
15393,0
16195,0
13757,0.004
27324,0.034
16196,0.048
15760,0.03
14946,0.002
13830,0.026
16269,0.302
18217,0.078
18111,0.052
16270,0.1
15125,0.044
17616,0.09
16271,0.054
17617,0
17618,0
18357,0.362
18221,0.07
15126,0.002
16272,0.016
18358,0.058
17619,0
16164,0.212
17620,0.072
18360,0.186
16165,0
24416,0
24609,0
24821,0
24610,0
24417,0
24823,0
24876,0
28731,0
28732,0
24877,0
23477,0.002
23478,0
24418,0
23479,0
24878,0
24612,0
24879,0
23640,0
28733,0
24880,0.012
22352,0
22353,0
24738,0
28734,0
24739,0
23481,0
28736,0
22354,0
24424,0.094
25059,0
24740,0
22355,0
24882,0
28739,0
23641,0
25060,0.306
23482,0
24885,0
23483,0.002
24425,0
28740,0
23484,0
24426,0
22357,0
28741,0
22358,0
28744,0
22359,0
24888,0
24889,0.07
24890,0
25068,0.002
22362,0
23652,0
24746,0
23566,0
24752,0
23654,0
23655,0
25071,0.002
24893,0
22171,0
19846,0
20924,0
20926,0
20927,0
19692,0
22173,0
28137,0
20928,0
20929,0
22174,0
21949,0
20568,0
20931,0.002
19974,0
21951,0
28140,0
22328,0
19975,0.036
20933,0
20571,0
22330,0.028
20934,0
28143,0
20935,0
28145,0
28146,0.21
20937,0.03
19984,0
20725,0.006
19985,0.034
22332,0
20726,0
22334,0
18591,0
20729,0
22335,0.826
20731,0.048
18742,0.918
22337,0
22338,0
22034,0
20941,0.004
19989,0.74
20942,0.2
20943,0.01
13905,0
11837,0
27196,0
12912,0.002
14327,0
14329,0
27197,0
14330,0
27198,0
11839,0
14689,0
12914,0
14010,0
15381,0
14011,0.048
12916,0
15382,0
12919,0
12920,0
14012,0
11844,0
15383,0
14697,0
15384,0
11846,0
14460,0
12921,0
27203,0
15537,0
14461,0
11850,0
12924,0
14700,0
15539,0.086
27208,0
12926,0.004
14463,0
12977,0.004
12849,0
11954,0
11955,0.076
14704,0
15541,0.004
27211,0.03
14465,0
14466,0
14706,0
15543,0
12850,0
12978,0
14909,0
27213,0
24157,0
24158,0.002
21615,0
24023,0
21616,0.076
23225,0.714
28462,0.002
22864,0.002
24159,0
21899,0.854
24027,0.812
21618,0
23228,0.018
19499,0
18403,0.006
21907,0
20376,0
20608,0
18404,0
19596,0
19500,0
18406,0
20609,0
19501,0
19597,0
20378,0
19502,0
20610,0
19598,0
20611,0
19504,0
20379,0
19505,0
21910,0
19506,0
19507,0
19600,0
20612,0
20613,0
21984,0
21985,0.046
21911,0.048
21912,0
20614,0
19508,0
28097,0
19603,0.006
20381,0
19604,0
19606,0
19607,0
21917,0
28100,0
19511,0
21918,0
28102,0
21919,0
21988,0
21920,0
19513,0
21989,0
19610,0
19612,0
21991,0
20618,0
19516,0
18409,0
28105,0.004
19617,0
21922,0
19519,0.56
20619,0.038
18411,0
19619,0.482
20386,0.058
28107,0.046
19670,0.104
28108,0.032
28109,0.03
21996,0
18412,0
20621,0
18413,0
28113,0
11958,0
14911,0
15127,0
18361,0
14018,0
11959,0
17226,0
14912,0
13106,0
13107,0.236
14019,0
14020,0
14914,0
14022,0
12988,0
13109,0
17625,0.004
18364,0
14916,0
11961,0
14470,0.434
14917,0
14472,0
14025,0
12992,0
12993,0.16
15549,0.372
14028,0.002
18228,0
14919,0
14029,0
13114,0
18443,0
15550,0.14
11967,0.012
11968,0
14479,0
14182,0
15138,0
14923,0
18448,0
14183,0
14481,0
18451,0
11970,0
15140,0
15555,0
15556,0
11974,0
15144,0
13127,0
27972,0
18631,0
18611,0
19455,0
19712,0
18613,0.246
18614,0
18632,0
20914,0
21039,0
17791,0
19456,0
27974,0
21041,0
18615,0
19713,0
19457,0.244
17793,0
19715,0
27977,0
17794,0
27978,0.004
18768,0
17795,0
19716,0
20915,0
19459,0
27979,0
18769,0
20916,0
18634,0
21043,0.004
21045,0
27981,0.026
20917,0
20918,0
20919,0
18635,0
20921,0
21046,0
21047,0
19719,0.002
18638,0.004
19461,0
18776,0.008
27982,0
19463,0.004
19720,0
18777,0
18639,0
19872,0.002
19464,0
27983,0
21128,0
18640,0
19875,0.002
19876,0
18641,0
17800,0
21201,0
21202,0.04
27986,0.006
21204,0.618
21131,0
21132,0.032
18780,0.54
17802,0
18798,0
19469,0
27990,0
19883,0
27992,0
12398,0.012
11452,0
14597,0
11603,0
11453,0
11604,0.452
14355,0.05
12371,0
13512,0.09
12503,0.014
12504,0.078
12373,0.006
14988,0
12568,0
12375,0.002
11457,0
12524,0
12571,0
11608,0
14337,0
14605,0
13612,0
13694,0
13614,0
13517,0
14996,0
12482,0
11613,0.058
19798,0
6534,0
9648,0
21400,0
8557,0
9082,0
7448,0
7449,0.002
9381,0
7325,0
7326,0
7450,0
9652,0
8558,0
9084,0
8559,0
9382,0
8560,0
8561,0.048
7451,0
6536,0
7452,0
9383,0.01
7453,0
9385,0
7454,0
8562,0
9386,0
17932,0
9653,0
7329,0
9387,0.026
6538,0
9654,0
6539,0
6540,0
8565,0
8766,0
9655,0
9090,0
7659,0
9656,0
9657,0
8769,0
9388,0
9659,0
21310,0
7483,0
8770,0
9660,0
7661,0
9389,0
9392,0
6545,0
8776,0
6546,0
7485,0.358
9245,0.316
9666,0.038
9668,0.106
9246,0.012
19110,0
28052,0
21424,0
21510,0
21511,0
18114,0
21702,0
18242,0
21704,0
19114,0
28059,0
28060,0
19160,0
20242,0
20091,0
19116,0
21705,0
18247,0
21518,0
20246,0
18250,0
19296,0
21521,0
20402,0.206
19163,0
20096,0
18254,0
20097,0.012
20248,0.062
21710,0
20249,0
28067,0
19298,0
21711,0
19166,0
19167,0
18256,0
19300,0
20253,0
19301,0
18257,0
28068,0
19345,0
19302,0
20408,0.038
18261,0.448
20409,0
18262,0
19304,0.76
20410,0
21756,0
19305,0
21715,0
21716,0
21757,0
21717,0
21758,0
20414,0
19353,0
19354,0
28077,0
19356,0.004
28078,0
21722,0.004
19201,0.006
17995,0.01
18119,0
27877,0
18120,0.038
19203,0.024
19704,0.004
17605,0.028
17997,0
16634,0.076
19705,0
18837,0
19204,0
19266,0
18001,0
20209,0.108
27881,0
18003,0
19892,0
27882,0
18944,0.002
16713,0
17921,0
18624,0
18625,0
19047,0.002
17922,0
17923,0
19050,0.354
17613,0
19207,0
16717,0
19051,0
19709,0
16719,0
16722,0
18011,0
19641,0
19450,0
19052,0
16723,0
27884,0
18012,0
18952,0
18629,0
19209,0
19644,0
19452,0
18128,0
19053,0
19054,0
16726,0
18954,0.002
23543,0
23544,0
23545,0
22385,0.004
22009,0
28538,0
22386,0.006
23546,0
23547,0
20805,0
23337,0
22389,0
22390,0.01
28541,0
23338,0
20806,0
28542,0
22010,0
24200,0
22011,0
24202,0
28543,0
28544,0
22391,0
24440,0.002
22012,0
28545,0
23340,0.204
23341,0
23548,0.004
28546,0
22395,0.156
24204,0
22015,0
22016,0
24205,0
23549,0
24206,0.034
22397,0
23342,0
24441,0
22018,0
20811,0.004
22398,0.01
28548,0.028
23343,0
20812,0
28549,0
22019,0
22020,0
28551,0
28552,0
23344,0
20814,0
23553,0
20815,0.014
28553,0
23556,0
23345,0
24445,0
23347,0
28556,0
28559,0
23559,0
24452,0.02
28563,0
23352,0
28565,0
28566,0.03
20820,0
23354,0.012
23355,0
20821,0.01
23688,0.004
28567,0.218
24456,0.034
24290,0.002
28568,0
22182,0.01
22402,0
24458,0.01
28570,0.446
28571,0.924
22185,0
22491,0.004
24400,0
24401,0.014
21367,0
23815,0
24402,0.236
22711,0
23817,0.002
24010,0.012
24012,0
24013,0
22714,0
24014,0
23819,0
22719,0
28626,0
24016,0
28627,0
21552,0.002
24786,0
24787,0
22722,0
21553,0.114
24410,0
24163,0
24164,0
24165,0.014
28630,0.066
21558,0.004
24790,0.004
21559,0.186
24791,0.062
23827,0.002
24463,0.02
24167,0
22725,0
24795,0
23830,0.004
23831,0
24172,0
23832,0
24471,0
24472,0.002
23834,0
22660,0
28641,0.002
22663,0
22664,0
22666,0
1072,0.006
420,0
198,0.016
1600,0.046
1877,0.002
329,0
1735,0.036
246,0
647,0.026
1736,0.028
1579,0.042
228,0.042
1079,0.076
847,0.028
1751,0.048
1854,0.036
332,0.004
230,0.01
424,0.014
1856,0.006
336,0.056
1791,0.002
832,0.032
337,0.1
279,0.018
235,0.02
282,0
1760,0.024
142,0.036
1089,0.066
404,0.01
1631,0.01
1677,0
1678,0.002
3745,0.008
2245,0.002
8297,0.086
7487,0
6257,0.008
6943,0
8151,0
7491,0.01
7054,0.002
8170,0.002
6260,0
9298,0.112
6948,0.088
7668,0.078
6263,0.06
6555,0.028
7133,0
7215,0
6558,0
7063,0
7064,0.002
6559,0
7134,0
6267,0.002
7065,0.036
7066,0
7673,0.006
7067,0
7218,0.144
8176,0.046
7068,0.01
7069,0.008
7070,0.024
8365,0.032
7504,0.026
17403,0.004
18903,0.268
18704,0.002
16319,0.002
16481,0
17405,0.014
18495,0
17508,0.018
17524,0
18513,0.01
16483,0.214
17527,0.014
16463,0.004
16484,0
16322,0
16323,0.004
18711,0.012
19762,0.006
18687,0.014
16486,0.002
17497,0.014
19034,0.016
18689,0.008
19669,0.076
17730,0.006
17753,0.002
18690,0.112
17532,0.036
16613,0.008
17533,0.014
16466,0.006
16614,0.014
16615,0.048
16619,0.292
19947,0.098
17739,0.002
16621,0.012
19026,0.018
16471,0.002
16331,0
17722,0.006
17503,0.01
17992,0.004
17518,0.004
16333,0
16335,0.004
17520,0
2238,0.004
2240,0.024
1821,0.002
2264,0.012
4281,0.06
2393,0.098
3517,0
2890,0.004
4284,0.04
9731,0
11046,0.044
10199,0.002
8192,0.01
10350,0.016
9055,0.014
8390,0.014
9736,0.1
10353,0.168
10235,0.068
9703,0.134
8196,0
8392,0.252
8393,0.148
8394,0.034
10242,0.188
8200,0.428
9854,0.134
8202,0.14
9065,0.026
9722,0.032
9900,0.054
9708,0.08
9724,0.024
9905,0.154
8405,0.008
11214,0
10252,0.008
9712,0
9067,0.002
9728,0.046
9713,0
11218,0
9907,0.254
11901,0.006
8210,0.002
9715,0.042
9716,0.002
10367,0.002
9045,0.138
3983,0.024
3985,0
5889,0.004
5051,0.086
3986,0.002
6371,0.106
8022,0.02
6492,0.114
6493,0.2
6309,0.006
5891,0.026
6380,0.028
3988,0.234
6495,0.096
7631,0.04
3989,0.014
5026,0.08
6311,0.08
6498,0.05
3996,0.07
5028,0.022
5997,0.076
5998,0.02
5055,0.008
6315,0
6600,0.004
6192,0.002
7204,0.004
6601,0.01
4156,0.002
6194,0.008
6001,0
6318,0.008
5395,0.008
5058,0.014
5396,0.052
8322,0.006
5031,0.01
6920,0.022
5238,0.022
6199,0.012
6606,0.004
4158,0.002
8326,0.008
8036,0.356
6450,0.21
5267,0.002
6009,0
2043,0.124
631,0
2270,0.002
287,0.002
288,0.002
1133,0.004
289,0
1976,0.004
1519,0
3775,0
2274,0
2045,0.2
1955,0.008
1977,0
292,0.002
1905,0.094
294,0.004
1956,0.002
1521,0.04
1522,0.106
1523,0.004
633,0.002
295,0
1910,0
327,0.126
3604,0.15
82,0.232
721,0.01
573,0.298
574,0.006
63,0.008
575,0.086
576,0.132
65,0.268
270,0
820,0.002
704,0
1192,0.378
706,0.002
1230,0.004
271,0.002
603,0
26021,0.054
6150,0.018
5088,0.006
5261,0.004
5089,0.214
5090,0.006
6153,0
6155,0.006
6467,0.014
4177,0.026
6637,0.038
6785,0.004
6469,0.006
5234,0.008
18,0
33,0.016
542,0
52,0.052
320,0
1062,0.008
2598,0.014
1003,0.374
2647,0.438
1572,0.002
189,0
1069,0
1402,0.052
194,0.012
1157,0
1647,0.002
1070,0.002
1071,0
195,0.232
1158,0.112
4490,0.02
4482,0.054
6750,0.028
6770,0.102
6751,0
6752,0.014
5866,0
5289,0
6018,0.016
5096,0.048
5291,0.036
5292,0.002
6019,0.066
6020,0
6168,0.016
5293,0.046
5526,0.032
6286,0.114
5098,0.002
5294,0.258
5100,0
5101,0
6024,0
6025,0.016
5298,0.282
5299,0.008
6026,0.04
6775,0
6027,0.006
6028,0.012
6029,0.01
6030,0.002
7002,0.01
6757,0.098
6344,0
6648,0.006
5528,0.036
7020,0
5304,0.13
5107,0.01
6330,0
6033,0.01
7005,0
6331,0.032
7549,0.006
10172,0.002
10539,0.01
11233,0.022
10173,0.186
10544,0.092
9439,0.004
9441,0
11680,0.002
11902,0
10518,0
11237,0
14661,0.034
13326,0.006
13530,0.002
14536,0.004
13531,0.062
13533,0.212
13534,0.004
14668,0.57
15185,0.004
14538,0.488
14850,0.18
14851,0.128
15336,0.334
16829,0.116
15347,0.216
15918,0.316
14679,0.206
14965,0.108
15731,0.006
14681,0.02
2784,0.016
3808,0.032
2968,0.002
4051,0.004
3524,0
5194,0.066
4205,0.014
4206,0.018
4595,0.004
3811,0.108
3812,0.022
3813,0.036
3814,0.322
3054,0.018
5126,0.174
4666,0.014
4596,0.004
3541,0
5659,0.004
3542,0.168
5753,0
4669,0
5906,0.006
3528,0.026
3529,0.002
5661,0.006
4739,0.006
4670,0.004
5581,0.018
3530,0.014
4671,0.014
4673,0.006
3531,0
3545,0
4598,0.212
4840,0.014
3532,0.004
4948,0
5914,0.002
3649,0.008
4677,0.01
3533,0.73
4842,0
4950,0
4678,0.136
4679,0
3653,0.008
4601,0.004
6045,0.002
5932,0.026
3534,0
5763,0.008
5586,0.076
4934,0
3655,0.188
5747,0.15
4749,0.012
7410,0.018
9823,0.004
8575,0.006
7570,0.002
8808,0.002
13802,0.032
15016,0.03
13137,0.05
15089,0.206
13920,0.136
16077,0.292
15876,0.068
8730,0
6937,0.008
7803,0.004
7805,0.01
7949,0
7128,0.01
9141,0.004
6255,0.102
5820,0
5405,0.006
6598,0.002
7780,0.008
5626,0
6360,0
8332,0.004
5822,0
5406,0.142
5823,0
5407,0.002
8333,0
5409,0.002
7393,0
5410,0.006
6210,0.002
5411,0.004
6212,0.002
7911,0
5828,0.004
7395,0.004
7397,0.004
5831,0.044
6749,0.002
6901,0.15
8516,0
6363,0
6726,0.006
8519,0.002
6903,0
5413,0
8225,0
7398,0.002
6738,0
7399,0.012
7400,0.006
6727,0
5414,0
8341,0.004
8107,0.004
6355,0.004
8227,0
26224,0
26225,0
7915,0.01
7916,0.004
7917,0.002
7404,0.012
5616,0.006
5617,0.102
8228,0.004
7581,0.512
26228,0
5834,0
10674,0.282
11810,0.398
9800,0.074
10348,0.294
10657,0.156
11090,0.112
10133,0.062
9326,0.004
9151,0.03
7851,0.002
10030,0.582
9094,0.1
9095,0.178
8382,0
6525,0
7439,0.046
6433,0.062
8425,0.026
6528,0.01
7286,0
7268,0.004
7148,0.282
6529,0
6530,0
6845,0.006
6531,0.002
6435,0.006
6846,0
6532,0.004
9816,0.07
11022,0.01
11059,0.004
9820,0.002
8869,0.016
11325,0.002
9974,0.02
10144,0.184
10744,0
9975,0
10175,0
11765,0.008
11258,0.008
11626,0.008
11731,0.046
10823,0.01
12245,0.002
11937,0.002
12246,0
12123,0
4564,0
1991,0.006
7155,0.004
3168,0.004
4308,0.004
9272,0.006
8059,0
8950,0.054
7701,0
10648,0.032
10437,0.106
9541,0.014
7702,0
7705,0.06
8190,0.006
9555,0.426
9698,0
8955,0.016
9424,0.002
3726,0.036
2538,0.176
1423,0
1903,0
2087,0.002
4522,0.004
3368,0
2573,0.006
4525,0
2574,0
3370,0
3575,0.002
3923,0.03
3907,0
2405,0.004
3183,0.03
3925,0.368
2406,0.03
3583,0.198
2770,0.004
3353,0.008
4507,0
3187,0.054
20847,0.008
21256,0.02
20546,0
19087,0.06
19444,0.004
19289,0.002
19091,0.004
19290,0
21493,0
20980,0
19739,0
19092,0
20894,0.004
20701,0.122
19571,0
20982,0
19740,0.002
15803,0
16884,0.004
15106,0.006
15107,0
17649,0.172
15804,0
17203,0.006
14484,0.028
15594,0
15312,0.016
14487,0
15170,0.002
17068,0.018
15482,0.004
16294,0
16815,0.088
15595,0.036
14490,0.006
16819,0.012
13773,0.008
15408,0.002
13976,0.01
19699,0.014
18597,0.006
14580,0.002
13437,0.028
14198,0.004
13194,0.036
13195,0.052
12137,0.038
13197,0
12140,0.272
13309,0.098
13784,0.056
19924,0.12
21082,0.432
21879,0.164
19583,0.126
22053,0.094
19926,0.122
19927,0.134
21592,0.366
19928,0.08
21090,0
21438,0
21468,0
23077,0
19591,0.002
21469,0.002
23323,0
20289,0.026
21604,0
19592,0
21471,0.006
22136,0
23291,0
22137,0.012
23719,0.004
24067,0.192
22533,0.002
23469,0.002
23470,0
20114,0.004
21580,0.64
21667,0.026
20800,0.008
21581,0.072
22380,0.03
21668,0
21582,0
22094,0.008
20466,0.228
20119,0.014
24071,0.008
21585,0.002
24109,0.006
23754,0.006
24110,0
23969,0.014
22257,0.356
22258,0
23008,0.002
20631,0
22259,0.006
22260,0
23009,0.006
17184,0.008
18208,0.252
18559,0.012
18211,0.002
15928,0.054
17187,0.006
16156,0.004
16585,0
15415,0.16
16157,0.022
16158,0
16160,0
16690,0
16692,0
16967,0.008
15790,0
15419,0.278
15293,0.002
23175,0.002
24666,0.002
23176,0
24048,0
21961,0.072
24667,0.006
28676,0
23578,0.014
24652,0.148
24544,0.004
23579,0.018
23580,0.07
27299,0.002
15230,0.086
15525,0.166
12944,0.184
12947,0.004
14094,0.012
13992,0.004
15578,0.004
12499,0
14095,0.018
10808,0.002
12338,0
11563,0.636
11564,0
13374,0.168
11794,0.054
13476,0
11566,0.09
13904,0.216
10809,0
12783,0.002
15753,0.048
15386,0.006
12786,0.01
27317,0.01
14942,0.1
14943,0.022
21419,0.048
15123,0.214
17221,0.028
15124,0.42
18218,0.012
19154,0.018
17222,0.01
15936,0.002
17223,0.008
18219,0.092
15937,0
18220,0
16163,0.002
18359,0.064
23486,0.014
25066,0.002
25067,0.084
23650,0
23563,0.052
23564,0.006
23653,0.026
24747,0
22032,0.002
20730,0.394
20732,0.014
28150,0.136
22336,0.01
28151,0
19854,0.006
22033,0.034
19855,0.008
19856,0
22339,0.004
20733,0
14707,0.01
15544,0.012
13103,0.038
12980,0.016
12983,0.002
23226,0.002
21617,0
23227,0.004
28463,0.034
24160,0.004
24161,0
24237,0.006
22865,0.006
24028,0.01
23229,0
18408,0.078
19515,0.128
19616,0.004
19518,0.002
19671,0.042
28111,0.058
28112,0.002
13121,0
12998,0.234
14928,0.006
13179,0.022
13126,0.008
21038,0
18612,0
27973,0.002
21040,0
27975,0.004
17792,0
27976,0
19714,0
18767,0
21042,0
18633,0.002
19460,0.008
18770,0
18771,0.14
18772,0.004
21044,0
27980,0
18773,0.006
18774,0.002
20920,0
18775,0
18636,0.298
20922,0
21124,0.002
21125,0.19
18637,0
21126,0
19462,0
21048,0
21199,0.018
21127,0
18778,0.002
18795,0.006
18782,0.016
18797,0
18785,0
19468,0.026
11610,0.006
11611,0
11464,0.016
13523,0.004
11465,0.084
8775,0.116
19349,0.096
21713,0.008
28071,0.004
19303,0.14
28072,0
19350,0.012
18263,0.012
20256,0.012
21755,0.008
21759,0.07
20259,0.6
18118,0.002
17993,0.032
19202,0.02
17602,0.018
17603,0.038
16632,0.008
17812,0
19885,0.002
19886,0
19891,0.004
17607,0.006
17920,0
19206,0
19707,0.02
18623,0.014
16714,0.002
19048,0
19708,0.002
22026,0
22177,0.004
20819,0.044
23561,0.08
23562,0.162
24455,0.076
20822,0.022
22180,0.02
24457,0.016
22181,0
23356,0
28569,0
20998,0.002
22183,0
22184,0.01
22403,0
22710,0.472
24783,0.048
24409,0.052
24019,0.026
23821,0
23822,0
22499,0
24788,0
21554,0
21555,0.012
23823,0.012
21556,0.014
23825,0.004
28638,0.31
425,0.006
1610,0.164
1881,0.01
426,0.066
1754,0
831,0.086
233,0.05
1658,0.024
237,0
9406,0.002
9305,0.006
7216,0
7135,0.01
6560,0.026
9347,0.016
7217,0.004
7136,0
17761,0.36
17736,0.108
18509,0.132
16473,0.198
17721,0.048
16330,0.266
17990,0.176
17502,0.08
17724,0.066
16628,0.018
17504,0.006
19028,0
16334,0.014
16631,0.004
17521,0.022
16336,0.016
9858,0.016
8209,0.002
9727,0.008
9219,0
9906,0
8407,0
9220,0
8211,0.014
10870,0.002
7762,0
4153,0
5056,0.122
6385,0.102
5057,0.002
4155,0.01
5393,0.004
6000,0.012
5029,0.004
6387,0.002
6004,0.054
26023,0.028
6151,0.28
6152,0
4176,0.072
5262,0.314
6783,0.016
6154,0.064
5280,0.412
5516,0.004
5281,0.012
5282,0
6274,0.004
5092,0.03
6156,0.07
6636,0
7267,0.002
7147,0.032
7443,0.002
6434,0.304
6844,0.05
8295,0
7324,0.052
11625,0.006
12119,0.002
10824,0
12247,0
11259,0.016
12122,0
8040,0.084
9550,0.016
8041,0.006
10503,0.044
8042,0.002
2586,0.002
4728,0.008
3174,0
3176,0.016
3346,0.026
3921,0.08
4801,0.002
20698,0.02
20509,0
19288,0.006
20974,0.004
19088,0.01
16457,0.002
16001,0.008
14036,0.068
17286,0
13436,0
13292,0
12134,0
12135,0.002
13303,0.014
13342,0.004
14200,0.002
13343,0
13344,0.002
14201,0.004
13196,0.006
12354,0.008
12355,0.002
14255,0.012
15927,0.002
14980,0.002
15416,0.018
16431,0.04
16609,0.008
16568,0.072
16373,0
16569,0.002
16374,0
14793,0
13630,0
12942,0
14087,0.002
13983,0
12943,0.002
13984,0
12497,0.004
15390,0
15391,0.048
13826,0
14944,0
27320,0.022
15542,0
27212,0.012
11957,0.002
14016,0
12851,0.004
12979,0.04
19613,0.022
28103,0.02
20617,0.052
19614,0.042
19615,0.002
28104,0
19517,0.052
21921,0.006
18410,0.268
17636,0.412
18449,0.008
11969,0
13122,0.002
14632,0.004
14633,0.044
13123,0.004
14184,0.08
12999,0.414
18252,0.238
20401,0.092
21523,0.118
24207,0.104
24444,0.03
23346,0.094
28554,0.048
24446,0.102
24209,0.044
23348,0.032
24448,0.012
22025,0.12
24449,0.002
853,0.034
1288,0.276
340,0.01
341,0.002
506,0.01
342,0.064
1289,0
1316,0.018
1545,0
1472,0.02
1324,0.002
369,0
1165,0
472,0.058
2142,0
132,0.136
1169,0.02
914,0.022
1478,0.03
1170,0.034
141,0.194
1508,0.288
1425,0.03
964,0.01
3111,0
2842,0.022
2117,0.292
2137,0.014
1663,0
3120,0.144
3717,0.004
1672,0
2129,0.008
6256,0.002
6850,0.002
7053,0.004
7490,0.002
6258,0
6259,0.002
8996,0.002
7210,0.01
6262,0.004
7667,0.074
9676,0.002
9003,0.004
7130,0.002
8607,0.002
7783,0.108
7784,0.158
18494,0.012
16316,0.018
16317,0.002
17493,0.038
16337,0.016
18497,0.01
17715,0.004
17409,0.002
16487,0.024
18503,0.084
18897,0.144
17719,0.032
17516,0.012
16620,0.01
17744,0.026
16624,0.016
16328,0.006
18899,0.008
16329,0.11
16626,0.018
16475,0.03
16476,0.012
16477,0.016
16332,0.01
2978,0
1680,0.006
3663,0
2878,0.002
1684,0
1685,0.01
4118,0.006
2990,0.008
2253,0.002
2254,0.05
4379,0
2994,0
1816,0.006
3894,0.006
2885,0.032
1819,0.002
2886,0
3513,0.002
4078,0
2237,0.006
1820,0
4126,0.006
2239,0.002
2263,0.084
1822,0.06
4280,0.034
2392,0.022
1825,0.078
10231,0.258
9053,0.002
8213,0.004
9054,0.052
9701,0.002
9057,0.002
10237,0.01
9746,0.01
9855,0.006
9569,0.01
8401,0.004
11208,0.034
8205,0.02
9709,0.008
9710,0.066
10864,0.058
10865,0.004
9066,0.022
8207,0.018
8208,0.02
9723,0.002
8403,0.24
11895,0.02
10251,0.006
8404,0.122
9726,0.052
12548,0.008
11185,0.018
10180,0.008
9985,0.178
10612,0.044
3982,0.006
5050,0.01
5888,0.614
6490,0.14
5992,0.03
3992,0.096
6497,0.008
3994,0.094
5994,0.092
3997,0.052
6187,0.206
7200,0.21
7761,0.05
6191,0.026
6314,0.078
4000,0.356
6197,0.066
5398,0.012
6389,0.038
6202,0.132
8034,0
6610,0.012
5242,0.004
4162,0.012
6393,0.008
5265,0.01
6613,0.238
6614,0.058
1531,0.006
1984,0.06
2054,0.026
1533,0.058
638,0.006
2281,0.056
1738,0.052
300,0.008
36,0.002
449,0.026
5,0.014
37,0.012
20,0.016
483,0
21,0.028
22,0.06
306,0.006
429,0.098
42,0.02
685,0
307,0.004
11,0
24,0.054
158,0.022
1632,0.41
409,0.006
410,0.004
925,0.308
1064,0.014
1399,0.002
187,0.002
1068,0.068
1776,0.02
188,0.136
1730,0.09
3062,0.008
4454,0.076
5555,0.552
4251,0
5421,0.002
5422,0.006
5423,0.002
4266,0
9437,0.002
14428,0.006
14670,0.07
15634,0.01
15338,0.002
15944,0.016
13538,0.064
13539,0.226
15326,0.012
14857,0.006
14858,0.07
15340,0.032
13541,0.002
14961,0.042
14264,0.02
14672,0
15949,0
15763,0
14266,0
14674,0
15727,0.038
15843,0.002
13546,0.022
14677,0.02
15769,0.008
16812,0.044
14680,0.028
14270,0.002
4070,0.302
2969,0.07
4071,0
2785,0
3048,0.038
6108,0
4837,0.002
3540,0.004
4941,0.004
4838,0
7412,0.008
8738,0.018
10677,0
7558,0.022
8581,0.044
8583,0.018
8584,0.016
8569,0.046
8587,0.028
9611,0.002
10280,0.172
8758,0.012
12949,0.004
14726,0.006
13909,0.008
13131,0.008
14101,0.24
15870,0.014
13801,0.004
7298,0.008
7300,0
10109,0.008
11499,0
10462,0.02
9909,0.004
9911,0.046
11221,0.07
9097,0.002
10950,0.014
7836,0.004
8928,0.056
9155,0.028
9098,0
8929,0.016
9159,0.188
9161,0.014
9920,0
8960,0.014
11081,0.012
8961,0.01
8930,0.004
8931,0.006
9869,0
7843,0.014
9923,0.012
10450,0.008
8965,0.014
10125,0.002
8967,0.006
9145,0.03
7865,0.02
10472,0.006
9324,0.02
9325,0.018
10460,0.062
10108,0.028
8941,0.026
9152,0.004
10029,0
9327,0.504
7850,0.02
10475,0.012
7870,0.014
7852,0.004
8942,0.008
7853,0.002
8139,0.002
7145,0.006
6841,0
6527,0.024
11011,0.034
10992,0.552
11752,0
11313,0.002
8634,0.014
10035,0.002
10139,0.012
11016,0.004
11397,0.208
8637,0.008
8638,0
11052,0.008
11019,0.02
12898,0.012
10038,0.034
11056,0.186
10039,0
10041,0.002
9815,0.004
11058,0.006
9817,0.008
11023,0.036
9818,0.058
11025,0.074
10043,0.038
10142,0
9819,0.006
10743,0.014
9821,0.12
10045,0.244
10143,0.02
8870,0.68
11707,0.004
9822,0.006
8871,0.262
8872,0.058
12662,0.186
10047,0
11062,0.374
12002,0.028
11177,0.002
13087,0.002
13167,0.012
12576,0.032
11571,0.042
12637,0.012
13174,0.078
11574,0.066
11621,0.018
12235,0.262
11928,0.686
12236,0.044
13639,0.106
12241,0.014
13642,0.258
13356,0.244
11935,0.212
8918,0
9538,0.01
10005,0.004
8057,0.046
9237,0
9271,0
9238,0.002
8037,0
9339,0
9340,0.026
8058,0
10895,0.012
8038,0.022
8922,0.008
7699,0.002
8189,0
10494,0.002
8924,0.01
9280,0.04
9521,0.002
9281,0.034
8925,0.144
9282,0.002
8045,0.052
4344,0.008
2891,0.06
3358,0.002
3772,0.224
3359,0.058
2394,0.004
2893,0.146
2396,0.032
3521,0.302
3363,0.004
3172,0.004
4518,0.144
3751,0.002
3193,0.004
3364,0
3194,0
3367,0
3179,0.002
2577,0.008
3757,0.008
2591,0.008
2404,0
3349,0
3758,0.032
2592,0.004
3351,0.002
4651,0.02
2578,0.014
3760,0.006
3761,0
3184,0.002
3185,0
2769,0.002
3762,0.01
3585,0.19
3912,0.004
2579,0.002
2408,0.008
3188,0
3355,0.004
20521,0.012
21288,0
20846,0.008
15350,0.25
16869,0.004
13924,0.024
14274,0.002
15467,0.002
16448,0
15468,0.138
15095,0.138
15992,0.014
17277,0.162
17195,0.006
15029,0.038
16878,0.036
14032,0.232
15030,0.01
15102,0.022
14280,0.01
14034,0.002
16087,0.418
16456,0.004
14039,0.012
16458,0.524
20317,0.038
18574,0.026
17592,0.056
19835,0.01
19254,0.012
18437,0
18941,0.058
19566,0.008
13329,0.114
14638,0.018
15050,0.022
14215,0
13278,0.354
14366,0
12146,0.002
13332,0
12130,0
13435,0.002
13147,0.002
13148,0.014
13185,0
12132,0.004
13338,0
12149,0.054
12150,0.024
12352,0
14203,0.004
12356,0.01
13345,0.148
13439,0.01
13200,0.004
13297,0
13440,0.006
12138,0.01
13298,0.066
14357,0.036
21426,0.04
22249,0.022
23066,0
19775,0.198
19581,0.014
19582,0.052
19777,0.012
21590,0.01
22055,0.006
19585,0.004
23179,0.002
24050,0.134
24493,0
22375,0
23302,0
23303,0.012
22127,0.002
23185,0.004
23304,0
23161,0.006
23714,0.002
21965,0.004
21966,0.006
24935,0
23286,0.002
22376,0
23288,0
23888,0
22133,0.388
22537,0
23894,0.026
21976,0.01
22538,0
22539,0
23298,0.078
22084,0.176
20463,0.004
22087,0.002
21547,0
21785,0.004
21666,0.284
20647,0.052
20798,0.034
23209,0.05
23377,0.038
20113,0.018
21787,0.148
23667,0.576
21789,0.004
22091,0.006
21790,0.002
21791,0
22928,0.058
20116,0.008
22624,0.048
21794,0.012
22382,0.106
21583,0
21584,0.024
22626,0.004
21795,0.066
17097,0.002
14966,0.008
14967,0.016
14968,0
17073,0.014
17175,0.002
14970,0.014
18069,0.008
15961,0.002
18070,0.008
17106,0.004
17081,0.114
17083,0
19525,0
17473,0.056
18553,0.008
17183,0.032
19527,0.344
16118,0.208
21190,0.002
21191,0
24345,0.002
28593,0
22586,0
24348,0.006
24719,0
23845,0.064
21194,0.006
22590,0
28596,0
22593,0
16375,0.044
16586,0.01
15288,0
24627,0.018
24867,0.002
28665,0.014
23956,0.006
21745,0
24280,0.136
22896,0.036
24830,0.02
12484,0
15513,0.002
15514,0
12485,0.004
27284,0.002
12800,0.006
13980,0
12486,0.014
15518,0
13623,0.034
16029,0.006
27294,0.184
13626,0.006
11271,0.004
12336,0
13371,0.002
18096,0.676
18084,0
20224,0
15110,0.002
21005,0.002
17486,0.004
16136,0.024
18347,0.006
18352,0.004
18356,0.064
16268,0.002
17224,0.002
17621,0.006
23651,0.01
23487,0.008
28748,0.032
22361,0.03
24892,0.088
28751,0
24430,0
24431,0
24749,0
24751,0.008
23567,0
24753,0.002
22363,0
23657,0
23568,0.01
14701,0.26
11851,0.152
11952,0.024
27209,0.052
15545,0.02
13104,0.026
12981,0.004
13105,0.018
28443,0.02
21887,0.016
21888,0
20292,0.018
28446,0.004
23803,0
23804,0.014
22855,0
20293,0.002
21608,0.26
23805,0.008
28451,0.006
21609,0
23212,0.272
22859,0.006
20295,0
23215,0.02
24151,0.004
23218,0.014
24153,0.002
23220,0.012
24155,0.014
28461,0.156
24025,0.054
21992,0.02
21923,0.096
28110,0.006
19672,0.498
21998,0.046
14634,0.002
14924,0.004
14635,0.05
14636,0
14186,0.048
11973,0.008
14187,0.008
13002,0.01
14927,0.022
14637,0.018
14929,0.01
17638,0.026
19878,0.178
18779,0.182
18793,0.1
19467,0.18
27988,0.106
18781,0.008
18799,0.02
21133,0.026
18787,0.002
18788,0
17808,0.002
27991,0.01
17809,0.026
13377,0
14989,0.002
11606,0.096
11455,0.016
11607,0
11456,0
12477,0
14336,0.002
14338,0
12478,0.022
12479,0.026
7484,0.03
9663,0.004
9093,0.022
9665,0.066
9395,0.01
7664,0.18
9667,0.336
9396,0.166
8777,0.286
9397,0.382
8778,0.588
8779,0.106
8780,0.024
19111,0.01
21701,0
28053,0.002
21509,0
20236,0.004
20237,0.002
20240,0.002
21515,0
18243,0.018
20090,0
20243,0
20092,0.002
19117,0.022
28061,0.004
28062,0.006
21520,0.002
19162,0
21714,0.032
28073,0.016
20411,0.004
19306,0.01
28074,0.004
20413,0
20257,0.016
28075,0
19351,0
28076,0.012
19307,0.006
21719,0.13
20261,0.026
21721,0.008
20416,0
19884,0.234
17810,0.076
17601,0.022
20198,0.01
19260,0.05
18942,0.002
17604,0.064
17813,0.05
19701,0.014
18834,0.054
19702,0.022
19624,0.09
18836,0.112
16633,0.236
17998,0.056
17999,0.006
17915,0
19267,0
18000,0
16637,0.004
20370,0.074
17919,0.624
18006,0.11
19447,0.006
19893,0.038
19895,0.004
23351,0.032
28560,0.04
28562,0.008
28564,0.094
28622,0.004
24009,0.002
24403,0.01
23816,0.006
22493,0.002
24404,0.024
24015,0.004
24785,0.002
21373,0.014
22495,0.01
22500,0
28628,0
24411,0.008
22501,0.004
24789,0.02
22652,0.238
22653,0.272
28632,0.05
28633,0.002
24169,0.01
28636,0
21561,0.008
22654,0.002
24794,0
28637,0
24171,0.002
22962,0.002
1660,0
239,0
240,0
1793,0.006
505,0
241,0.006
834,0
524,0.422
1597,0.002
526,0
345,0.05
346,0.004
347,0.312
972,0
2037,0
2038,0.002
974,0
468,0
901,0
470,0.066
1161,0
1470,0
1614,0
904,0
1615,0
1473,0
1163,0
2141,0
1323,0.004
906,0
1548,0
1549,0.036
1550,0
131,0.004
2661,0
908,0
1166,0.004
1167,0
1082,0
474,0.004
1476,0.002
910,0
1554,0.02
911,0
1084,0
475,0
1327,0
476,0
913,0.464
371,0.002
915,0.582
1330,0
1623,0
916,0.15
918,0
2147,0
1705,0.006
135,0
1172,0
1480,0.002
137,0.036
2154,0
1556,0
583,0
1333,0.002
2089,0.024
958,0
3287,0
3729,0
3288,0
1426,0.062
959,0.066
3731,0.002
960,0
961,0.014
962,0
963,0
2090,0
2832,0
3733,0
1687,0
2116,0.004
3710,0
1433,0
1434,0.654
3292,0.578
2119,0.002
3114,0
1662,0
1429,0
2121,0.222
3472,0
1430,0.002
3115,0.114
3681,0
1666,0.002
3118,0
1667,0.002
1668,0.038
1669,0
3247,0.002
2974,0
968,0
3141,0.508
970,0.086
971,0.558
8167,0.002
6848,0
6849,0
8171,0
7057,0.002
7498,0.004
8606,0
9678,0
9262,0
6951,0
7502,0
6266,0.006
7214,0.026
9005,0
7219,0.002
7072,0
18818,0
18894,0.004
16326,0
2246,0
2979,0.002
2224,0
2877,0
1681,0.002
2980,0.006
3504,0.022
2981,0
3506,0
2249,0.006
2984,0
4115,0
2226,0
2988,0
3507,0
4116,0.004
2229,0
2250,0
3508,0
1813,0.062
2989,0
4117,0
3671,0
4119,0
1814,0
3891,0.036
3509,0.004
3892,0
2881,0
2258,0.084
4380,0.014
2231,0.004
3977,0
2993,0
3512,0
2259,0
4123,0
2260,0
2232,0
1817,0
1818,0
2884,0
2236,0.02
3514,0
11714,0.03
9980,0.088
11637,0.038
12673,0.056
8879,0
12011,0.008
8881,0.006
11163,0
11716,0
12550,0
11184,0.006
8884,0.042
10146,0
10902,0
9984,0.006
11771,0
11165,0.002
10226,0
10227,0.002
12613,0
9986,0
10610,0
8887,0
11166,0
9988,0.002
11775,0.074
10187,0.032
10189,0.002
9043,0.002
10614,0.278
9048,0.272
11724,0.236
12060,0.188
12624,0.074
1958,0
635,0
1981,0
3780,0.002
2278,0
2051,0
1959,0
298,0
1142,0
299,0
1912,0
4011,0.014
3552,0
1985,0.008
2282,0
2283,0
1962,0
1986,0.04
586,0
709,0.01
804,0
73,0
561,0.002
826,0
946,0
562,0.02
590,0
74,0
1195,0.002
75,0.022
257,0
947,0.01
219,0
710,0
827,0.18
56,0
808,0
952,0.02
1198,0
78,0
1181,0.002
566,0.014
810,0
58,0
715,0
570,0
598,0
263,0
264,0
814,0
224,0
79,0
718,0
265,0.002
818,0.064
577,0.042
4971,0.012
5244,0.102
6014,0.048
5853,0.182
4165,0
4166,0
5248,0.002
5216,0.008
6040,0
5250,0.012
4976,0.002
5219,0.002
6138,0.002
4980,0
5220,0.766
5254,0
6141,0.074
4168,0.044
5858,0.006
7102,0.008
6406,0.04
4169,0.248
26015,0.068
6142,0.108
6885,0.004
5256,0.088
5257,0.12
4983,0.098
5085,0
5277,0
4173,0
6149,0
5278,0
4175,0
5279,0
501,0
302,0
303,0
477,0.01
100,0
35,0
124,0
150,0
3,0
447,0
167,0
102,0
153,0.002
305,0
531,0.016
169,0
6,0
39,0
173,0
666,0
486,0
200,0
534,0.002
23,0
7,0.048
551,0
308,0
535,0
616,0
10,0
43,0.002
204,0
112,0
113,0.034
159,0.016
161,0
618,0
619,0.028
555,0
12,0
436,0
14,0
312,0
163,0
207,0
164,0
439,0
16,0
314,0.044
31,0
121,0.028
209,0.05
210,0
318,0.002
5361,0.008
4503,0
4275,0.008
5467,0.002
4077,0.002
4240,0.016
4607,0.002
3232,0
5415,0
4241,0.002
4255,0
3059,0.002
4409,0
3061,0
5471,0.056
4245,0
3064,0
4256,0
4455,0
4258,0
3067,0
3238,0
3068,0
5500,0
3069,0
4459,0.002
4460,0
4416,0
3070,0
4417,0
4263,0.008
4418,0
3244,0
4617,0
3372,0
4253,0
5482,0
4267,0
3374,0.01
4622,0
4404,0
3227,0.002
4271,0
5427,0
5428,0
4500,0
5595,0
4501,0
7024,0
6760,0.08
4486,0
5109,0.008
6334,0.002
4487,0
6503,0
5212,0
6957,0
4489,0.006
6765,0.34
6507,0
5309,0
11940,0
11942,0
12222,0.008
12430,0
11508,0
10509,0.004
13558,0
10168,0.002
11075,0
11543,0
11545,0
11741,0
10511,0
11230,0.004
10169,0
10533,0.002
10534,0
10171,0.002
10536,0.012
10512,0.002
11236,0
13102,0
12440,0
12030,0
10546,0
10329,0
12408,0
10517,0
10330,0.012
14839,0.002
15316,0.152
14051,0
15172,0.002
14402,0
14052,0
14660,0.004
15317,0.002
15318,0
15850,0.004
15173,0
14055,0
16754,0
15853,0
14533,0
15321,0
15626,0
14557,0
15857,0.158
14664,0.124
14666,0.162
14563,0.014
15841,0
14265,0
15328,0
15342,0
14675,0
14963,0
14676,0
13544,0.036
13545,0.002
4072,0
3049,0
2787,0
4073,0
4660,0.002
4234,0
4074,0
3395,0
4661,0
5748,0
4936,0
4937,0
6103,0.048
4848,0
4849,0
3538,0
4939,0
3659,0
4940,0
4834,0
4753,0.002
4835,0
4839,0.01
9464,0.012
8739,0.036
8567,0.138
8496,0.078
8755,0.01
8498,0.134
7560,0.064
8499,0.152
8744,0
9610,0
8500,0.002
10699,0
8590,0
7575,0
7419,0.03
10410,0
7562,0
8503,0
8504,0
8507,0
8762,0
8508,0.008
7420,0
10317,0
9600,0
7423,0.002
8694,0.014
8510,0.042
9616,0
10417,0
16063,0
14743,0.014
14746,0.006
14898,0.024
14747,0.002
12950,0.006
13908,0
14901,0.052
15585,0.38
15440,0.022
13795,0.04
13130,0
13796,0.008
14728,0.002
14879,0.002
13132,0.024
15865,0.006
15011,0
14859,0
14731,0.15
14880,0.02
13911,0.02
14003,0.002
14884,0.032
14864,0
13799,0
13912,0
16228,0
14105,0.006
14206,0.032
13135,0.116
15085,0
16074,0.006
6676,0
7301,0.006
8485,0
9695,0
6931,0
6678,0
9138,0.366
8486,0.002
6933,0
7944,0.002
7798,0
7946,0
6253,0.052
6681,0.102
7126,0.004
6940,0
7951,0
8164,0.046
6682,0.004
9442,0
10775,0
10776,0.076
9591,0
9443,0.006
11697,0.056
10519,0
10662,0.378
10663,0
9592,0.054
10664,0
10336,0.004
9570,0.062
10520,0
9572,0.148
10521,0.056
10779,0
10523,0
11525,0.004
10799,0.002
10667,0.02
10780,0
9576,0.066
12448,0
11243,0.778
11686,0
10978,0
11687,0
9798,0
9579,0.028
10654,0
10783,0.1
12599,0
11808,0
10672,0
10673,0.006
7707,0.11
9865,0.002
8927,0.018
8956,0.008
11585,0.056
10020,0.006
10929,0
8958,0.002
9157,0.016
8959,0
7839,0.034
9100,0.008
8617,0.004
7840,0
7842,0
10022,0
10024,0
8966,0.016
10128,0.018
10469,0.008
10023,0.006
359,0
3325,0
1465,0.004
1355,0.004
1539,0.054
1309,0.008
1466,0.01
1540,0.046
1310,0
893,0
6826,0.1
8431,0.094
9195,0.02
7225,0.02
7306,0.028
6831,0
7309,0.052
7229,0.562
6833,0.034
8437,0.096
6834,0.178
7982,0.004
6446,0.126
7313,0.316
8376,0.682
8450,0.31
8833,0
7259,0.026
6429,0.006
7282,0
8545,0
8380,0
8546,0
7283,0
8381,0
6840,0
7285,0.002
10920,0.004
12473,0.026
11676,0
11312,0
9809,0.002
10733,0
11317,0
10923,0
11015,0
8635,0.018
8636,0
10734,0
10036,0
10735,0
11119,0
10737,0.01
10037,0
11757,0
11053,0
9812,0.002
11760,0.846
11055,0
10740,0
10741,0
9814,0.01
8639,0
11822,0
11702,0.004
11020,0
8868,0
11021,0
10746,0.004
8875,0
9979,0
11068,0.306
11713,0.002
11568,0
12632,0.02
11796,0.064
11570,0.002
12104,0.082
10810,0
12107,0.006
12636,0.01
11256,0.048
12234,0.306
13175,0.016
12639,0.09
10817,0.148
12642,0.07
12239,0.006
13353,0.006
12760,0.102
10821,0.394
11934,0.006
12243,0.022
11260,0
11828,0
11829,0
11262,0
4390,0
4287,0.008
4091,0
4391,0
3952,0
1832,0
4094,0.776
4399,0.016
4402,0
4403,0
4555,0
1835,0
7373,0
3166,0
4559,0
4306,0.06
1837,0
4560,0
4561,0
7696,0.008
7697,0.004
7698,0.006
8948,0
9341,0.018
8949,0
7700,0
9542,0
7704,0
10878,0
8061,0
9544,0
1709,0.19
3422,0.042
3423,0.012
2073,0.034
1710,0.006
3424,0.1
2686,0.058
1096,0.366
1152,0.202
1154,0.03
1155,0
1893,0.298
1412,0.118
1417,0.036
1100,0.254
1419,0
1899,0
2535,0
1901,0.032
1420,0.014
2954,0.016
1421,0.078
2956,0.004
2582,0
3771,0
3192,0
2414,0
3749,0.13
4793,0
2568,0
3901,0.002
4517,0
3750,0.004
4647,0.008
2569,0.01
3173,0
2570,0
2571,0
2402,0.306
4771,0
4772,0.002
4787,0.024
3915,0
4510,0
3767,0
3595,0
20828,0.01
20830,0.026
20336,0
19727,0.074
19275,0
20840,0.002
19729,0
21152,0
20539,0
19280,0
20518,0.004
19281,0
20541,0
19282,0
19284,0
20344,0
20519,0
20345,0
20888,0.136
19735,0
19736,0
20545,0
21156,0
19089,0.008
20527,0
20975,0
20699,0.09
21161,0.112
19443,0.002
15461,0.02
15022,0.064
15463,0.012
15796,0.004
16449,0.012
17192,0.038
13926,0.104
15991,0.016
15026,0.01
15099,0.008
15471,0.05
15101,0.116
16083,0.092
13930,0.046
17553,0.002
14278,0.002
16084,0.608
17281,0.006
15031,0
17557,0.022
15473,0.006
15103,0
17059,0.024
14035,0
15587,0
15105,0
14037,0.002
15108,0
14483,0.002
14041,0.182
15164,0.088
14045,0.004
15165,0.024
13311,0
13763,0
15617,0
13960,0
12793,0.004
13963,0
15398,0.006
15602,0.012
16202,0
15980,0.006
13315,0
14502,0
15985,0
13768,0
15212,0
16210,0.046
13971,0
14422,0.002
12797,0.002
14424,0
13318,0
15406,0.068
17589,0.054
18477,0.064
20196,0.002
19679,0.002
18939,0
18478,0
18479,0.022
17593,0
18482,0.01
19838,0.314
18439,0
20754,0
17596,0.014
19841,0
19258,0.004
20795,0
19842,0
19074,0
18486,0.01
18592,0
19687,0.076
19696,0
18487,0
18488,0
18489,0
18580,0
18490,0
17599,0
13143,0
12142,0
12143,0
12128,0
13431,0.186
14189,0
13145,0.006
12129,0.006
13281,0
13183,0
14191,0
13282,0.048
13284,0
13285,0.238
13286,0
12147,0
14218,0
14242,0.01
14219,0
12131,0
13335,0
13336,0.462
13150,0
13287,0.004
13187,0
14642,0
14222,0
13152,0.008
14196,0
13339,0
14375,0.002
12151,0
14248,0
13191,0.002
14224,0
13192,0
14645,0.002
14225,0
12133,0.018
14202,0.002
14205,0.378
19572,0.036
21265,0.004
21164,0.032
20273,0.002
19788,0.012
19741,0.07
19742,0.08
20274,0.004
21075,0
19745,0.184
21586,0.294
19790,0.046
22242,0.392
19795,0.002
21272,0.004
20277,0.648
23589,0.002
22280,0
21674,0.108
22244,0.138
19773,0.252
21847,0.016
21079,0.074
20279,0.002
21080,0
21850,0.304
22057,0
21430,0
19779,0
19930,0
19931,0
21526,0
21330,0
22432,0
19588,0.32
23074,0
21529,0
21435,0
21600,0
19941,0.118
23876,0.002
23180,0
23877,0
23142,0
23157,0
23584,0.394
21962,0.008
22142,0
23279,0.01
23158,0
23300,0
23159,0
23160,0
23586,0
24712,0
23280,0
23144,0
21963,0.008
24526,0
23281,0
23282,0
24057,0
23145,0
24326,0
24504,0
23146,0
24058,0
23527,0
23886,0.002
23266,0.244
22144,0
21967,0
21968,0
24508,0
21969,0
21970,0
22527,0
23465,0.002
22130,0
22131,0
21973,0
23290,0
23309,0
23149,0.748
23270,0
23310,0
22529,0
24229,0
22530,0
23718,0.002
22134,0.144
23151,0
24064,0
23467,0
22532,0.002
23471,0
23293,0
23473,0
23155,0
22140,0.006
19943,0
19945,0.002
20636,0
20098,0
21538,0
21539,0
20105,0
20640,0.052
22876,0
20641,0
22081,0
21782,0
21665,0
22083,0
20461,0
23986,0
22086,0.03
21784,0.2
23434,0.002
20464,0.044
21549,0.002
23208,0
21786,0.012
21576,0
23989,0.104
22623,0.026
21788,0
24259,0.012
23000,0.118
22742,0
23001,0
22743,0.004
22745,0.002
24102,0.26
24362,0.166
22747,0.022
23763,0
23003,0
25137,0.042
22749,0
24366,0.004
20627,0.186
21803,0
22253,0.05
21806,0
24124,0
22904,0
22907,0.186
23421,0
21808,0.002
22255,0.006
21809,0
22909,0
15920,0
17071,0
15921,0
17072,0.346
17465,0
17100,0
15958,0
18551,0
17101,0
14971,0
17078,0
17468,0.004
19480,0.024
18072,0
17470,0
16138,0
18074,0
14974,0
18199,0
17471,0
17107,0
16139,0.006
17108,0
17474,0
18075,0.298
18203,0
18204,0
16116,0.092
16117,0.012
17085,0
18207,0
17477,0
23702,0
23703,0
22421,0
21021,0
23456,0
23457,0
21022,0
21174,0
24584,0
23458,0
22423,0.182
22424,0
23709,0
22310,0
23460,0
22312,0
22314,0
22579,0
21183,0.088
24715,0
22580,0.024
22581,0.014
22315,0
28589,0
24718,0
23839,0.01
22316,0
22582,0.014
23613,0.004
22317,0.004
24341,0
23841,0.004
23614,0
23843,0
24343,0
21189,0
24344,0.034
24346,0
28592,0
28594,0
28595,0
24349,0
22588,0
23846,0
23848,0.004
28598,0
16575,0.108
16577,0.01
16698,0.002
16382,0
15653,0.044
15654,0
16421,0.254
16365,0
16367,0.064
15150,0
16150,0.434
15306,0
16581,0
16606,0
16387,0.118
15158,0
15660,0.354
15661,0.01
15287,0
17877,0.022
16710,0.004
16571,0
16432,0.002
15787,0.076
16434,0
15290,0.062
16689,0
15789,0.066
15645,0
18057,0.002
15292,0.076
15792,0.002
16593,0
24624,0
22890,0
22892,0.008
23164,0
23165,0
23951,0
23166,0
23954,0.006
28663,0.592
22893,0
23955,0.028
24628,0
22895,0
28666,0
23169,0
24629,0
24869,0
28667,0
28668,0.002
24630,0
23957,0
23958,0.006
24281,0.65
28671,0
24871,0
21748,0
23171,0.664
22900,0
24872,0.01
21750,0
21952,0
24285,0
24286,0.05
22901,0
24635,0.574
21954,0.024
24663,0
24046,0
28673,0
28674,0
23141,0
24875,0
21958,0.008
24490,0.002
24491,0.002
23724,0
25113,0.056
23725,0
24896,0.01
23898,0
22366,0
22367,0
24560,0
22370,0.012
25036,0
25118,0
23866,0
23867,0
23731,0.04
24644,0
25037,0
23732,0
23734,0.03
24537,0
22546,0
24763,0
22547,0
22548,0
23873,0
22549,0
24540,0
24913,0.02
24542,0
23576,0
22372,0
23738,0
15512,0
13978,0.114
13494,0.182
15837,0
16039,0.006
13620,0.054
15565,0
13776,0.002
15517,0.164
12930,0.102
15519,0.094
13777,0.02
16030,0.006
27292,0.312
15568,0
12933,0.01
14788,0.012
16032,0.002
13500,0
12492,0
15522,0
13981,0.5
12493,0
12494,0.002
15572,0.034
16055,0
12945,0.002
13808,0
15234,0
13986,0
13663,0
14092,0
13664,0
13810,0.172
13665,0
14796,0.006
10619,0
12625,0
13242,0.056
12379,0.006
10620,0.15
10621,0.002
10622,0
11784,0
12734,0.01
11788,0.004
13368,0
11561,0
11270,0.536
13369,0.002
11272,0
11792,0.006
15246,0.89
15534,0
16062,0
14799,0.328
14802,0
15249,0.004
15252,0
14934,0
13673,0
15750,0.014
27313,0
15751,0.04
14937,0
15258,0
16193,0
13678,0.706
15757,0
15758,0
27321,0
12787,0
27323,0.026
13828,0.01
13758,0
13829,0
13759,0.002
16120,0.002
18082,0.002
16121,0.002
14981,0
14982,0
14983,0
16124,0
20075,0.006
18342,0
17215,0
18097,0
16127,0
18344,0
15932,0
17216,0
16129,0.002
18345,0
16131,0.016
15112,0.9
15113,0
16132,0.082
17488,0
16134,0.004
16263,0.002
18085,0.008
18348,0.074
18086,0
17614,0
17219,0
15116,0
18351,0.124
16265,0.006
15118,0.032
16266,0.014
18353,0
18354,0
15121,0.072
17220,0
18112,0.014
24822,0
23536,0
24824,0
28730,0
25057,0.222
24611,0
24420,0.002
24421,0.198
24422,0.004
23480,0.628
24741,0
25061,0
23646,0.568
28745,0
25064,0
23649,0
24748,0
28752,0
28753,0.01
28754,0.002
23656,0
19981,0.136
28144,0.016
19986,0.056
28148,0
19987,0
12844,0
11840,0.002
27199,0
14691,0
12918,0.35
14459,0.096
15538,0
11953,0.812
12925,0.604
14702,0.674
14015,0.902
14462,0.64
14703,0
14464,0
11956,0.006
23799,0
23800,0.132
28444,0
21607,0
22853,0
28445,0
21890,0.004
24144,0
28447,0.006
22856,0
23082,0
23083,0
23806,0
24146,0
23807,0.012
28450,0
22857,0
23086,0
28454,0
28455,0
21611,0.016
23810,0
23213,0.002
23214,0
23812,0.002
23216,0.07
21893,0
20296,0.318
28459,0
24021,0.054
20448,0
23219,0
22861,0
21614,0
23221,0
24154,0.002
22862,0
20449,0.08
21897,0
23222,0
28460,0
24024,0.562
21898,0.38
24026,0.93
23224,0.682
21908,0
21983,0
20377,0
19602,0
21913,0
21914,0
19605,0
20615,0
21986,0
19608,0.04
19609,0
19514,0
20384,0.002
21990,0
19618,0.42
28106,0.548
20385,0.53
19822,0.87
20620,0.82
21993,0.752
19825,0.004
21997,0
13118,0
14480,0.002
13124,0
18456,0
14926,0.116
19873,0.002
27984,0.026
21200,0
27985,0
21129,0.544
19466,0
21130,0
17799,0
19877,0
17801,0.378
21203,0.728
18792,0.792
27987,0.932
17806,0.01
18786,0
17807,0
15282,0
11466,0
12362,0
14072,0
11467,0.002
14073,0.516
12515,0.002
13376,0
13446,0.036
13352,0
11468,0.182
14589,0.002
14158,0
13527,0
13447,0.004
11469,0
14591,0.234
12348,0.002
14824,0.2
14825,0
12561,0.004
12363,0
13506,0.252
12365,0.1
11474,0.002
12563,0.004
13681,0.004
13449,0.228
13683,0.298
13480,0.166
12368,0.08
12567,0.036
14831,0
14080,0.104
12399,0.008
12370,0.062
11454,0
13511,0.13
13606,0.002
14167,0.042
12400,0.014
11605,0.146
12372,0.004
13608,0
15067,0
14285,0.002
14990,0
14991,0
11459,0
12525,0
14811,0.002
13485,0
11609,0
13613,0
12509,0.02
14509,0.004
7447,0
9650,0.19
20025,0.05
21305,0.274
20026,0
6542,0
6543,0
9091,0
6544,0.002
9391,0.062
8773,0.002
8774,0
9662,0
9393,0
20040,0.59
7663,0.558
9394,0.408
20041,0.792
20044,0.664
20087,0
19159,0
20238,0.252
20239,0.002
28055,0.016
28056,0.018
20241,0.002
21703,0.016
21513,0.006
20089,0.002
21516,0.006
18244,0.03
20244,0
21706,0.004
18249,0
18251,0
20095,0
20247,0
19161,0
20398,0
28066,0.002
20399,0
21522,0.016
20400,0.024
19297,0.004
21707,0.142
21708,0.002
19164,0.038
21524,0.052
18253,0
21709,0.002
19165,0.008
18255,0.002
21525,0
20250,0
20251,0.002
19299,0
20252,0
20403,0
19262,0.158
18618,0.292
17914,0.194
19888,0.336
20207,0
18121,0
16636,0.124
17611,0.008
17612,0
17924,0.008
16716,0
18627,0
16718,0
16720,0
18126,0.018
19208,0.016
16724,0.644
22387,0.002
22388,0
24439,0.008
20808,0.012
24201,0.102
22013,0
20810,0
22394,0
24203,0
23550,0
23551,0.002
22399,0.634
28550,0.58
20813,0.01
22022,0
24443,0
23555,0
22400,0
20816,0
20817,0.17
22023,0.012
28555,0.018
24210,0.412
20818,0.364
22024,0.104
22401,0.022
23557,0.108
28557,0.126
23349,0.05
23350,0.03
24211,0.048
24287,0.306
24450,0.396
24454,0.148
24462,0.424
21557,0.226
23826,0.446
21560,0.482
24166,0.592
24465,0
23828,0
22726,0
1661,0
504,0.002
238,0
1932,0.002
523,0.004
1596,0.042
1518,0.002
242,0.002
344,0
1295,0.014
841,0
1612,0.05
126,0.068
127,0.004
899,0.016
130,0.004
1616,0.288
367,0.014
368,0.02
1618,0.006
1325,0.03
2144,0.11
917,0.008
1479,0.532
373,0.004
375,0.004
584,0.592
2976,0.004
3480,0
969,0
3250,0.002
3142,0
1673,0
3252,0
6847,0.002
7207,0
7488,0.232
7492,0.002
9253,0
9187,0.002
9673,0.002
7055,0
6551,0.094
6946,0
9400,0.002
8998,0
7496,0
6949,0
8172,0
9001,0.014
9002,0
9010,0.008
8177,0.008
9012,0.144
8179,0.46
7785,0.02
9496,0.09
8180,0
8308,0.018
7071,0
6268,0
6269,0
6565,0
16480,0.006
17492,0.062
16318,0
17525,0.096
16482,0
16321,0
17407,0
17408,0.008
17529,0
16465,0
17498,0
17714,0.158
18914,0
18500,0.004
18893,0.004
17716,0.006
17717,0.102
16617,0
17734,0
16469,0
17515,0.022
17735,0.026
17758,0.048
19024,0.002
17500,0.012
16327,0.084
3505,0.056
1683,0.132
2986,0.012
2252,0.154
2879,0.046
2233,0.008
2261,0.014
3898,0.004
4125,0
2995,0
2235,0
4383,0.004
2887,0
4079,0.004
2262,0.012
3146,0.004
3515,0.058
9717,0.002
9700,0.002
9733,0.038
10854,0
11049,0.014
10236,0.01
9848,0.004
9738,0
9059,0.002
9563,0.044
8198,0.006
10356,0.022
9740,0.056
8395,0.008
9742,0.008
9743,0.024
9706,0.1
8398,0.006
8199,0.008
10243,0.056
10244,0.084
9063,0.012
10715,0.176
11354,0.004
8201,0.004
8399,0.524
10249,0.066
8400,0.004
9901,0.008
8402,0.044
8204,0.48
8206,0.002
10867,0.034
10868,0.672
10250,0.008
10912,0
9044,0
10915,0
12620,0.02
9996,0.158
8019,0.002
6306,0
5052,0.002
5021,0
7192,0
6489,0.006
6913,0.186
5022,0
5054,0.004
3987,0.002
6182,0.004
5023,0.002
6183,0.002
6310,0
5025,0.002
7198,0.01
3991,0
6496,0
3993,0.002
5027,0.118
3995,0.012
7199,0.032
8027,0
5995,0.008
8317,0.004
6599,0.002
5996,0.016
3998,0
5391,0.004
7202,0.006
5032,0.006
5033,0.002
6005,0.218
6319,0.002
8323,0.206
6391,0.008
6604,0.046
6605,0.018
5263,0.016
6607,0.024
5399,0.02
6006,0.056
6609,0.02
6007,0.002
5400,0.056
4159,0.016
4160,0.004
6008,0.002
1952,0.044
1978,0.006
2048,0.004
2049,0.47
1526,0.008
1139,0
2277,0
3781,0
297,0.01
2279,0.012
1527,0
1960,0.012
1982,0.488
1529,0.002
1530,0.056
1983,0.016
4012,0.022
3782,0
4013,0
637,0.01
1532,0.012
1963,0.012
4016,0.004
3787,0.04
2287,0.032
2288,0.032
2289,0.032
3788,0.012
3558,0.002
642,0.03
2192,0.012
2060,0.206
2291,0.096
1739,0.092
2061,0
2093,0.006
258,0.016
591,0.012
950,0.084
750,0.08
1214,0.086
1011,0.02
565,0.032
567,0.352
221,0.616
596,0.36
59,0.026
1012,0.006
60,0.004
1184,0.006
571,0.066
1111,0.006
572,0.006
61,0.246
815,0.15
267,0.086
64,0.076
6144,0.002
6623,0.006
5857,0.064
6139,0
6629,0.074
6463,0.456
5225,0.028
5231,0.012
6157,0.002
5232,0
6638,0.094
5233,0.03
301,0.06
4,0.084
545,0.256
684,0.202
106,0.026
155,0.018
156,0.342
9,0.024
160,0
114,0.002
309,0
310,0.016
670,0.006
491,0.01
536,0
620,0
27,0
434,0
672,0.002
162,0
538,0.016
208,0.004
49,0.004
143,0.002
144,0.126
2333,0.002
405,0.006
395,0
146,0.492
1763,0.006
730,0.008
1713,0
1714,0
991,0.002
411,0
2516,0.002
412,0
149,0
454,0.1
413,0.028
995,0.004
455,0.002
1057,0
179,0.024
180,0
459,0.01
181,0.006
1061,0.062
736,0
996,0.002
1570,0.002
419,0.01
1775,0.016
1401,0.002
1002,0.03
186,0.268
2906,0.142
3245,0.004
4252,0.004
3222,0.002
4419,0
5437,0
4463,0.018
4264,0
5208,0
4265,0.002
4464,0.01
3223,0.006
5439,0
5485,0
4483,0.072
5539,0.232
5301,0.012
5302,0.026
6288,0.49
6034,0.398
6292,0.02
5598,0
4488,0
5308,0.002
5601,0.006
5602,0.004
4502,0.016
11070,0.108
11734,0.258
9426,0.026
11071,0.046
11511,0.098
11105,0.026
9431,0.7
11548,0.046
9433,0.028
11947,0.142
11513,0.28
11749,0.002
10541,0
10326,0.002
10328,0.006
12410,0.006
10549,0.066
14260,0.02
15855,0.144
14564,0.042
14852,0.006
14539,0.074
13537,0.03
15337,0.004
14854,0.018
15860,0.024
15861,0.008
14263,0.014
14855,0.004
13540,0.046
14671,0.014
16312,0.002
14565,0.01
14856,0.014
14541,0.008
15636,0.54
16441,0.006
14542,0.012
14543,0.004
14960,0.072
15915,0
13542,0.038
14673,0.004
14567,0
15916,0.002
14568,0
13543,0
14267,0.006
14545,0
14569,0
15345,0
14268,0.002
15331,0.004
14269,0.004
14570,0
4034,0.008
4059,0.02
3597,0.156
2779,0
2780,0.006
3801,0
2963,0
25795,0.016
5114,0.006
4226,0.002
4228,0
4829,0.002
3387,0.002
4230,0.006
3805,0.322
3806,0.026
2970,0.002
3393,0
2786,0.002
5926,0.218
5931,0.584
3537,0.002
3657,0.002
5983,0.004
3658,0.006
3539,0
5590,0
4836,0.006
4942,0
6111,0
9605,0.002
7559,0.014
8742,0.004
7416,0.006
8570,0.002
10283,0.018
7425,0.034
9618,0.028
7564,0
7565,0
7566,0.012
7568,0
7569,0
10321,0.004
10758,0.024
10302,0.01
8794,0.242
8795,0.02
13997,0.014
15439,0.012
14749,0.006
14097,0.004
14904,0.594
14752,0
13128,0
14100,0.038
14729,0.056
13910,0.002
14001,0.134
13797,0.03
14102,0.026
14869,0
15446,0.024
14885,0
14231,0.004
14870,0
16231,0
14208,0
13136,0.234
14232,0
13803,0.058
13917,0.026
15873,0.004
13138,0.02
13919,0.096
14210,0.002
14890,0.004
7110,0.008
7111,0.018
6566,0
8477,0.006
9687,0.002
6571,0
8718,0
6245,0.012
8478,0.02
9690,0.012
6927,0.01
7999,0.014
9022,0.002
7940,0.118
7115,0.012
7116,0.002
8482,0.026
7121,0.01
7796,0
7797,0
8461,0.002
9137,0.024
6677,0.006
7129,0
9143,0.004
7206,0.002
5404,0.07
7778,0.56
8218,0.242
8220,0.306
5826,0.16
8336,0.672
8338,0.668
5829,0.43
5412,0.724
8518,0.46
7401,0.032
6907,0.32
6731,0.024
6367,0.036
6368,0.2
5620,0.282
6909,0.586
7586,0.008
6733,0.002
7604,0.006
26234,0.004
5839,0.008
8231,0.024
8530,0.014
10725,0
10784,0.034
10982,0.002
10983,0.012
10785,0.084
10786,0.024
12315,0
11691,0.008
11692,0.068
11693,0.102
10655,0.078
9801,0
9586,0.04
10728,0.074
12682,0.356
10017,0.02
8957,0.002
9868,0
9158,0
7838,0.002
7861,0.092
9165,0
11591,0.002
8935,0.002
10470,0.1
10117,0.002
10025,0.116
8938,0.01
10100,0.004
9147,0.03
7846,0.022
7847,0.07
10626,0.108
10103,0.052
10939,0.006
9150,0.012
10134,0.008
7849,0
1380,0.124
1342,0.012
880,0
1343,0
4437,0.006
1346,0.006
1347,0.072
1382,0
1460,0.412
1999,0.006
1383,0.002
1124,0.016
1461,0.004
886,0
1463,0.002
888,0.06
95,0.002
2721,0
4447,0.682
4129,0.008
8127,0.002
6437,0.008
6440,0.006
7139,0.52
6442,0.024
7277,0.1
6426,0
6832,0.018
7228,0
6443,0.002
7256,0.004
6836,0.008
6447,0.224
7432,0.032
8375,0.006
7315,0.218
6838,0.606
7984,0.058
8291,0
8292,0.004
7440,0.008
7263,0.006
9376,0.082
7265,0.056
6526,0
6842,0.002
8553,0.458
7320,0.178
12660,0.038
11762,0.004
11063,0.032
11178,0
12854,0.002
10177,0.024
8876,0.014
11567,0.01
12102,0.664
12106,0.002
11798,0
10811,0.322
12233,0
10813,0.046
13638,0.026
11930,0.02
12113,0.042
11622,0.346
10820,0.004
12124,0.002
11261,0.008
4388,0.02
3846,0
3155,0.026
4629,0.038
3158,0
4097,0
4100,0.018
4400,0
7369,0
3957,0.002
2429,0
4557,0.002
4558,0
9284,0
8811,0
7688,0
7876,0
8814,0
10497,0.002
8050,0
8705,0
8053,0.01
7693,0.428
9334,0.076
8056,0.006
8712,0
9117,0.006
9533,0.024
9270,0.006
9338,0
7882,0.004
7883,0
7884,0
10646,0.006
8920,0.012
8921,0.002
9548,0
8039,0
8954,0.186
2685,0.104
2687,0.016
1890,0.026
2692,0.002
1413,0.008
1415,0.002
1416,0.008
1895,0.002
2082,0
1102,0.006
2534,0.008
3414,0
1103,0
1104,0
3347,0.006
3348,0.008
4730,0.026
2403,0
2590,0.004
4352,0
4353,0.002
3580,0
4027,0.132
3586,0.002
3913,0.004
4508,0.008
3589,0.002
3592,0.004
2775,0.006
4857,0.002
4031,0.002
4813,0.004
21277,0
19270,0
20334,0.05
20996,0.002
20338,0
19083,0.002
21280,0
19722,0
19725,0.008
20835,0
20838,0.016
20839,0.004
19278,0.002
20517,0.002
21153,0.002
20342,0.002
20506,0
20843,0.008
21285,0
20543,0.002
19086,0.176
20346,0
21289,0.392
20508,0
19287,0.01
21255,0
20522,0
16081,0
13925,0.008
13927,0.002
15097,0.004
13928,0.004
15098,0.182
15100,0.006
17278,0.686
14031,0.116
16558,0.002
16993,0
14482,0
15104,0
13957,0.002
13312,0
14494,0
12791,0
15663,0.044
15664,0.002
12794,0.01
13765,0
13968,0
13766,0
14956,0.004
14958,0.006
13970,0.012
13771,0
12798,0
13321,0.002
19828,0.018
21239,0.092
19249,0
18933,0.008
18568,0.002
17455,0.22
18569,0.02
17457,0.002
18935,0
20855,0.002
20397,0
19557,0
19676,0.004
19559,0.012
18431,0
20191,0.014
18570,0.002
17463,0
19251,0
18938,0.008
19680,0.002
18436,0.002
20787,0.16
20323,0.004
19682,0.004
20751,0.002
18440,0
17598,0.01
18579,0
12357,0
15044,0
13443,0.354
12359,0.1
13302,0.012
14360,0.014
13347,0
14363,0
12360,0.01
13349,0.042
14364,0.266
12141,0.06
14652,0.174
19574,0
21269,0
19575,0.008
21457,0
19579,0.014
19776,0.036
19925,0.074
19584,0.188
20282,0.012
21880,0.094
21326,0.002
22448,0
22288,0.058
20284,0.004
19933,0
21528,0
20287,0
21467,0.7
19937,0.002
21437,0.012
22065,0.042
19785,0.002
23294,0.006
23295,0
23277,0.546
21975,0.018
24314,0.04
20451,0.026
20453,0.05
21621,0
20635,0
22614,0
22615,0.054
21777,0.004
20459,0.002
21779,0.162
21542,0.172
21781,0
22079,0.002
21663,0.008
20106,0
21824,0.002
23984,0.012
20108,0.126
20109,0.218
21548,0.01
20111,0.052
20112,0.008
22089,0.212
23669,0.154
23382,0.154
22098,0.016
24130,0
20471,0
23743,0
24767,0.05
24103,0.004
23746,0.004
25136,0.002
20623,0
24364,0.002
20624,0.01
22750,0.002
20626,0.002
22903,0
22733,0
23417,0.002
24106,0.16
17086,0.002
16142,0.002
18558,0
23452,0
21176,0.016
21177,0.002
22425,0.01
28586,0
22313,0
24310,0.228
23712,0
24717,0
24340,0
23462,0.042
21187,0
22583,0
24342,0
23616,0.002
22585,0.002
22587,0
24350,0.002
24722,0.004
15148,0
15298,0
16700,0
16384,0.002
15426,0
16422,0.078
16601,0.13
17327,0
15658,0.002
15160,0
17874,0.036
16153,0.022
15289,0.006
16433,0
16688,0
24757,0
23570,0.004
24898,0
23662,0.024
23864,0.006
23903,0.008
24908,0.002
24978,0.008
23735,0
24538,0
24983,0
23874,0
24541,0.002
24828,0
13619,0.004
15516,0
13495,0
12932,0.014
12935,0.06
12491,0.002
14790,0.006
16034,0.032
16347,0.002
13656,0
12327,0.002
13248,0.06
11832,0.73
12773,0.002
12383,0.002
12741,0
12500,0
27306,0.016
16061,0.036
13669,0.002
15248,0
13816,0
15250,0
15254,0
14935,0
15255,0
15748,0.01
12782,0.002
13674,0
27319,0.002
14945,0.012
28729,0
24825,0.02
23475,0.002
23537,0.132
23638,0
24419,0.006
25058,0.002
24881,0
28735,0.018
28737,0
24423,0.006
24883,0
22356,0.004
24886,0
28742,0
28743,0.01
25062,0.004
25063,0.02
23644,0.002
24427,0.006
23647,0.002
28749,0.002
28755,0
22172,0.218
18584,0.024
20930,0
18587,0
19977,0.094
20932,0.002
22329,0.002
19847,0.076
19980,0
19848,0
20936,0.002
20572,0.284
20723,0
28147,0
19852,0
20938,0
19983,0.052
20939,0.044
14328,0.004
14688,0.004
14007,0
12915,0.002
15380,0
14693,0
27201,0.002
14695,0
14696,0.002
14013,0.004
15385,0.008
27204,0.008
12922,0.014
12923,0.01
11849,0.106
27207,0
12848,0
15540,0.004
14705,0
27210,0.394
28096,0.008
20380,0.438
19599,0.006
20382,0.024
28098,0.786
28099,0.004
19509,0
19510,0.146
21987,0
20616,0
19611,0.014
20387,0.008
21994,0
21924,0.028
14467,0
12985,0.124
14021,0
12987,0.01
14469,0.096
12990,0.016
18365,0.062
12991,0.03
14471,0.012
13111,0.01
15131,0
11963,0
14024,0
17629,0
14918,0.082
13113,0
14478,0.004
15135,0
14181,0.004
14922,0.024
11971,0.024
18455,0
13125,0
13000,0
11972,0
13001,0.004
15557,0.302
14925,0.05
18616,0.098
19458,0.264
17796,0.042
19717,0.01
19718,0.064
17797,0.004
17798,0.004
19465,0
19874,0
19880,0.122
19881,0
27989,0.01
18800,0
18801,0
21134,0
13609,0.022
11461,0.112
8556,0
6535,0
7327,0.004
17928,0
9384,0.002
8563,0
9086,0
9088,0.006
7480,0.002
9089,0.004
7481,0.022
7658,0
8768,0.798
21405,0.002
7482,0.088
9658,0
7660,0.008
19813,0
28054,0.004
19113,0
18241,0.01
28058,0.006
19115,0.002
18245,0.004
21519,0
19118,0
19295,0.054
28065,0.002
21752,0.008
28069,0.008
19348,0.024
20254,0.148
28070,0.004
20412,0
20258,0.022
19352,0.002
20415,0.002
21760,0.002
21718,0.006
19355,0.034
21720,0
20260,0.002
19308,0.014
17916,0.008
17606,0
17918,0.004
18004,0
18841,0
19629,0.002
18122,0.002
17609,0.05
16715,0
17610,0.002
18007,0
18010,0
17789,0
16721,0.002
17790,0.01
17925,0.102
16725,0.008
27887,0.002
27888,0.082
28539,0.728
20804,0.058
22396,0.002
28547,0.008
28558,0.002
23353,0.072
24289,0.014
22709,0
28623,0
21366,0
21368,0.008
21369,0.056
21370,0.004
24782,0.016
21371,0.01
22712,0.012
22494,0.002
24011,0.022
24405,0.008
23818,0.008
21372,0.002
22716,0
22718,0.008
24406,0.008
24784,0.018
23820,0.002
24407,0.002
24408,0.26
22496,0.154
22497,0.012
24017,0.014
22720,0.01
22721,0.004
22723,0.02
24020,0.006
22498,0.016
24162,0.136
23824,0
28631,0.4
24464,0.002
24792,0
24168,0.004
24466,0.004
22655,0.01
22656,0.008
24468,0.008
22963,0.014
24469,0.002
24796,0.044
22657,0.008
22658,0.002
24470,0.006
21563,0.062
24173,0.016
28640,0.004
22964,0.206
24473,0.028
22659,0
21565,0.004
24474,0.006
22662,0.004
22665,0
522,0.002
1759,0.002
507,0.138
1864,0.034
838,0.028
343,0.04
2243,0.004
3254,0.168
1675,0.004
7786,0.004
4127,0.02
4386,0.016
2417,0.016
3148,0.028
5401,0
5266,0.002
4974,0.008
5246,0.04
5215,0.032
5217,0.02
7097,0.01
5249,0.008
4977,0.01
4978,0.002
5252,0.002
4979,0.002
5253,0.028
6778,0.022
6779,0.002
4171,0.02
5258,0
6888,0.012
7103,0.18
6158,0.072
540,0.164
729,0.014
990,0.008
397,0.004
398,0.004
399,0.028
731,0.088
993,0.006
414,0
457,0.02
416,0.04
1058,0.194
417,0.114
997,0.072
462,0.014
5486,0.084
4269,0.056
5426,0.224
4423,0.038
5767,0.15
3379,0.25
3230,0.08
6035,0.096
5597,0.126
11109,0.03
10514,0
4033,0.016
3799,0.084
2777,0.01
4929,0.086
4041,0.032
5069,0.002
4227,0
3386,0.026
2964,0.292
4045,0
4069,0.01
5125,0.158
11128,0.058
7429,0
8754,0
7414,0
8497,0.004
9612,0.034
7576,0.088
8505,0.106
10688,0.05
8696,0.024
14745,0.326
13790,0.016
14750,0.016
12951,0.016
14873,0.038
13794,0.08
14903,0.032
14756,0.006
13133,0.132
15867,0.04
13805,0.012
6569,0.156
6686,0.124
8858,0.012
9132,0.058
7295,0.006
6247,0.01
6248,0.088
6674,0.02
7117,0.04
7118,0.002
7297,0
8862,0.37
6934,0
7407,0.016
26229,0.106
6218,0.096
26230,0.178
7920,0.086
5621,0.03
6732,0.062
7922,0.03
7923,0.108
12602,0.034
9803,0.046
12681,0.01
10788,0.112
9806,0.028
10730,0.05
11579,0.002
10019,0.004
9917,0.04
7860,0.014
11084,0.002
8933,0.01
9146,0.256
10107,0.066
726,0
272,0.018
273,0.004
879,0.006
1381,0
90,0.028
1122,0
882,0.004
354,0
1351,0
1535,0
1536,0.002
1462,0.052
1126,0
96,0
2014,0.048
1356,0.042
97,0.016
360,0.02
98,0.068
1357,0.534
1312,0.004
895,0.06
1358,0.054
1314,0.046
897,0.032
1468,0.198
1469,0.148
125,0.116
898,0.086
6436,0.004
6438,0.026
7075,0
6424,0
7977,0.042
6441,0.07
8435,0.002
7278,0.1
6427,0.006
6445,0.004
6835,0.13
7310,0
6837,0.006
8137,0.006
7314,0.008
7435,0.034
10745,0.09
11064,0.242
8874,0.274
11569,0.014
11619,0.018
11620,0.01
12952,0.006
13391,0.302
11927,0.018
11929,0.012
11576,0.022
12237,0.008
11932,0.042
12956,0.036
10819,0.012
11728,0.06
11729,0.302
1826,0.01
6523,0.13
4285,0
3847,0.022
4089,0.002
1827,0.012
2420,0
4395,0.026
7358,0
2422,0.004
3951,0
7360,0
3160,0
7363,0
4096,0.002
7336,0.008
3161,0
2424,0.002
4401,0.014
4292,0
2427,0.004
8812,0.002
7874,0.02
10001,0.02
8816,0
9230,0.08
8708,0.006
9333,0.008
7879,0.01
10003,0.036
7881,0.012
2688,0.004
3564,0.002
3410,0
3566,0
3411,0.006
2945,0.046
4023,0.002
1892,0
2946,0.004
2949,0.012
19594,0.002
19082,0.028
21697,0.006
20535,0
19724,0.002
21098,0.004
19279,0.006
13923,0.01
15989,0.012
16932,0.004
15023,0.056
14276,0.132
15800,0.048
15484,0
12789,0.012
13762,0.028
16199,0.008
15977,0.032
15597,0.032
13961,0.002
13313,0.022
15666,0.036
14954,0.022
14391,0
15620,0.054
15667,0.07
13317,0.016
18415,0.116
19830,0.014
18473,0
19832,0.064
18430,0.062
17460,0.094
18433,0
20859,0.074
21266,0.042
20278,0.072
20987,0.014
21342,0.006
19946,0
20099,0
22921,0.022
20101,0.022
20104,0.002
21823,0.016
20462,0.476
22622,0.15
21578,0.522
22096,0.01
24258,0.004
21796,0
20470,0
22999,0
23385,0.274
24100,0.048
22730,0
22748,0.04
23004,0.002
22101,0
25140,0.03
24365,0.116
23007,0.002
20628,0.006
22254,0.054
21807,0
22906,0
21810,0.032
14978,0.038
22420,0.032
23450,0
23451,0.01
22422,0
23453,0
23454,0
23705,0
23459,0.002
23708,0
24586,0.03
21181,0
23710,0.002
23711,0.006
15651,0.012
15652,0.01
15300,0.092
16151,0.036
15412,0.018
24894,0.034
22541,0.248
22542,0.002
25034,0
24905,0
24641,0.026
22543,0
24650,0.01
23907,0.05
12799,0.002
15566,0.086
14786,0.062
13496,0
12934,0.064
13987,0.022
13988,0.348
11556,0.004
13249,0.002
10801,0.112
13252,0.018
11785,0.01
27305,0.118
15739,0
15743,0.1
16189,0
27312,0
15256,0.018
15747,0.01
15749,0
15259,0.08
15260,0.012
27315,0.024
22151,0.004
25056,0.004
23476,0
23639,0
28738,0.004
24884,0
24887,0
23642,0.012
23485,0
23643,0.004
24742,0.004
23645,0.004
22360,0.006
25065,0.028
23648,0.002
24743,0.002
28746,0.026
24428,0.094
24745,0.104
25069,0.094
28750,0.09
22175,0.004
19695,0
19973,0.006
20569,0.008
28141,0.008
19849,0
19982,0.134
20724,0.002
14006,0.02
14690,0.032
14009,0
12845,0
11841,0
14692,0.028
11845,0.002
11848,0.008
27205,0
27206,0.056
12982,0.018
21909,0.016
18405,0
19503,0.002
18407,0.002
19601,0.002
21915,0.002
21916,0.006
28101,0.004
20383,0.004
19512,0.004
19824,0.078
14023,0
11964,0
14474,0
14026,0.002
14475,0
18794,0.066
11460,0.042
12480,0.008
12630,0.022
11612,0.098
11614,0.172
6533,0.002
9649,0.002
9083,0.002
9651,0.022
9085,0.004
6537,0.002
7328,0.006
9087,0
8564,0.004
7657,0
6541,0.024
8767,0.012
21406,0.002
19810,0.004
8771,0
9390,0.002
21312,0.006
9661,0.002
8772,0
9092,0.236
9244,0.1
7662,0.066
9664,0.068
19346,0.096
20406,0.016
19620,0.022
18829,0.068
17811,0.138
18831,0.026
17917,0.11
17608,0.008
23211,0.054
28540,0.016
20807,0.018
23339,0.002
20809,0
22014,0.15
22392,0.078
22393,0.008
24442,0.102
22017,0.006
23552,0.004
22021,0.038
23554,0.002
24451,0.148
23560,0.02
24453,0.02
28624,0.014
28625,0.152
22713,0.162
22715,0.074
22717,0.034
21551,0.038
24018,0.04
22724,0.218
28629,0.086
1023,0.436
1115,0.372
13548,0.344
835,0.002
1794,0
1512,0
1291,0
1513,0.006
1886,0
836,0
837,0
285,0
1516,0
981,0
1936,0
508,0
1888,0.002
1842,0.008
1844,0
840,0.016
1088,0
136,0.046
2150,0.036
2151,0.02
1507,0.002
2828,0
1424,0
1431,0.012
2133,0
3675,0
3707,0
3676,0
1509,0
2839,0.016
965,0
3107,0.004
3108,0
1432,0
3110,0
1427,0.002
2841,0
2831,0
3677,0
3112,0
966,0.006
1428,0.004
3291,0
3736,0.002
3737,0
3139,0.006
2844,0
2122,0.002
1664,0
2124,0
2125,0
3117,0
2126,0
1665,0.002
3680,0
967,0
2973,0.002
1688,0.016
2128,0
1670,0.052
2975,0.012
3478,0
1671,0
2140,0
4112,0.002
3249,0.002
1674,0.004
2475,0.002
3143,0
3253,0.036
2836,0.006
2131,0
8166,0.01
7486,0.034
7489,0.038
7209,0.006
7665,0.15
7058,0.294
8997,0.238
8157,0.052
6950,0.042
8605,0.052
8173,0.26
6265,0.026
8181,0
7073,0
8849,0.002
7680,0.002
7221,0
8614,0
8183,0.014
8184,0
8615,0
8185,0
16616,0.122
16325,0.018
3147,0
2265,0
1823,0
2266,0.002
4279,0
4085,0.002
4282,0
2889,0.002
9699,0.09
9718,0.152
9056,0.698
8391,0.012
12007,0.01
10178,0.004
8877,0
11159,0.216
10604,0
12549,0.026
8878,0
8880,0.034
10179,0.008
8882,0.01
11162,0.004
13729,0.06
10606,0
11717,0.11
9981,0
9982,0.074
8883,0
10749,0
10147,0.006
10148,0.12
8885,0.006
10149,0.014
9983,0.004
11164,0
11718,0
11186,0
8886,0.006
12802,0.1
11187,0.012
8888,0.454
10182,0.014
12614,0.002
10228,0.012
10183,0.002
9987,0.024
10907,0.066
11411,0.012
8889,0.03
11773,0
11189,0
9989,0.004
8890,0.572
8891,0
10908,0
11776,0.01
10186,0.016
9990,0.012
9991,0.002
10188,0
10613,0.004
9992,0.01
12618,0.002
9993,0.434
11721,0.01
9994,0.002
10190,0.01
6451,0.004
8327,0
6204,0
5402,0.034
6010,0.004
3785,0.004
1987,0.026
1988,0.04
2057,0.008
2285,0
5094,0.004
6639,0
4480,0.584
6470,0.436
6641,0.012
6159,0.648
8064,0.034
117,0.014
313,0.016
51,0.012
1484,0.002
147,0.006
926,0
176,0.476
1640,0.258
1393,0.368
1770,0.002
2340,0
182,0.002
461,0
998,0.002
999,0.002
184,0.002
1063,0
185,0.002
1000,0.002
2597,0
463,0
1644,0
739,0
4272,0.006
5429,0.02
5466,0
4238,0.014
5362,0.038
4274,0.162
4076,0.008
4239,0.002
4407,0.63
4504,0
3055,0.004
5363,0.328
3056,0.004
3057,0.1
4254,0
4606,0.132
4608,0.014
3058,0
5364,0.002
3060,0.004
5494,0.014
5469,0.002
5470,0
4410,0.048
4242,0.002
5554,0.168
4411,0.002
5472,0.008
3235,0
3236,0.014
4244,0.002
4412,0.576
3063,0.002
5475,0.188
5556,0.026
5557,0.002
3065,0
3066,0
4257,0.002
4246,0.09
4247,0
4259,0
5433,0.014
4260,0.46
5724,0
5477,0
4456,0.498
5416,0.036
4457,0.408
4248,0
5560,0.002
5418,0
5205,0.01
4415,0.012
4249,0
5501,0.042
3240,0.002
5420,0
5502,0
3221,0.002
4261,0.002
4262,0
3243,0.006
4616,0
5561,0.002
5425,0
3225,0
3226,0.004
9436,0
10513,0
10540,0
10515,0.148
10543,0.004
12282,0
10327,0
9440,0.002
14427,0
14838,0.002
14659,0.026
14050,0
15670,0.026
15733,0.002
14429,0.012
13323,0.026
14053,0
14054,0.188
14404,0
15851,0
15735,0.002
15672,0
15852,0
14405,0
15717,0
14532,0
15320,0
16302,0
13324,0
14430,0
14256,0.012
15174,0
14845,0.006
15674,0.032
14846,0.002
14534,0.002
14257,0.022
14847,0
14558,0
13325,0.02
14258,0
4061,0.002
2776,0.46
4063,0.01
2962,0
4036,0.002
4037,0.004
4065,0
4474,0.004
5071,0.004
4067,0.024
3803,0.006
4044,0.01
4908,0
5079,0.03
5080,0.004
3807,0.002
3392,0.39
2966,0.004
5082,0
4232,0
4049,0.002
5334,0
3809,0
4233,0
5083,0.002
4750,0.026
3656,0
4831,0.002
5868,0.002
5938,0.002
10303,0
9603,0
8750,0.226
7411,0.002
7556,0.006
9604,0.002
8492,0
8513,0.542
9617,0.558
10420,0.208
10286,0.498
11149,0.202
8699,0.222
9842,0.628
10690,0.168
14874,0.55
14103,0
14004,0
13913,0.004
14883,0
13800,0
14207,0
14236,0
13921,0
13140,0
15091,0
13922,0
9129,0.004
7788,0.002
7112,0.008
7114,0.002
7291,0.024
6926,0
7792,0
9411,0
8979,0.012
6572,0.012
8980,0.002
7793,0.01
6929,0.004
7119,0.004
8726,0.114
7120,0.02
6939,0.002
8591,0.018
7952,0.03
8491,0
5836,0.07
5837,0.042
8898,0.152
7921,0.336
7924,0.512
12590,0.13
12414,0.004
11681,0.052
10792,0.004
11518,0
12593,0.002
10793,0
9590,0.004
9444,0.022
12443,0.038
10777,0.002
10795,0.068
10796,0.002
11683,0.002
12444,0
11698,0.006
9593,0
9571,0.006
9573,0.06
10522,0.002
9574,0.004
10665,0
10666,0
10524,0
9575,0.002
11684,0.128
9594,0.254
10668,0.142
12294,0.072
9577,0.032
12305,0.546
9578,0.758
10343,0.314
10669,0.126
10670,0
10781,0.002
10979,0.002
10651,0
10671,0.002
10980,0
9580,0
9799,0.342
10653,0.062
11244,0.002
11245,0.02
10981,0
11804,0.01
10782,0.002
11806,0.002
9581,0.006
9582,0.81
12310,0.01
11807,0.01
11689,0.056
10729,0.004
10986,0
10987,0.06
9804,0
10658,0
10659,0
10601,0
10948,0.694
7857,0.398
10018,0.43
9915,0.518
7837,0.442
8936,0.654
9144,0.578
7866,0.614
9106,0.124
728,0
1117,0.024
881,0
1458,0.004
1344,0.07
1120,0.006
353,0.002
92,0.006
1123,0.004
883,0
355,0.006
356,0.018
884,0.078
93,0.004
1537,0.044
1538,0.012
358,0
2740,0.008
889,0.004
3324,0
1129,0
363,0.004
364,0.002
896,0
2221,0
1313,0
6422,0.078
7222,0.002
6827,0
8368,0.002
7074,0.008
6829,0
7223,0.028
7979,0
8132,0.004
7305,0.034
8133,0.008
6425,0.002
7076,0.012
7140,0.012
7279,0
6444,0.014
7077,0
8136,0
7311,0.066
7257,0.022
7312,0.008
7281,0.014
8138,0
11818,0
12711,0.15
10990,0
12893,0
10991,0.004
11310,0.004
10731,0
11391,0.012
9807,0
10921,0
9808,0
10032,0.002
10922,0.026
8633,0.008
10033,0
10034,0
10924,0.002
10925,0
10996,0.224
11396,0.004
9810,0.002
11017,0.046
11756,0.276
11398,0
11018,0.02
10739,0.626
9811,0
12897,0.028
11820,0.066
11321,0.004
9813,0.002
8640,0.004
11823,0.052
11824,0.016
11057,0.028
11761,0.024
12633,0.418
10814,0.482
11575,0.614
11623,0.57
12242,0.886
11733,0.122
7872,0.002
9225,0
7873,0.07
8047,0.072
7690,0.154
9524,0.018
10425,0.106
8051,0.004
10577,0.004
8052,0.008
8945,0.084
7692,0.01
7880,0.004
10581,0.002
11326,0.074
9337,0.004
8947,0.002
9535,0.004
2526,0.054
1094,0.002
1148,0.01
1711,0.006
1095,0.016
3562,0
1889,0.002
3608,0.064
2793,0
2690,0.006
1891,0.026
1153,0.088
1098,0.026
2691,0
1894,0.01
1410,0.016
1411,0
2820,0.002
1414,0.086
1418,0.116
1101,0.006
2948,0.148
3429,0.008
2533,0.006
3769,0.006
2583,0
2395,0.004
2397,0
2415,0
2416,0.006
2584,0
3520,0.006
4346,0.016
4347,0
3919,0
3902,0.002
3365,0.002
2572,0
2412,0
4032,0
20534,0.002
20333,0.002
20832,0.014
20997,0.008
19273,0.006
21149,0.008
19726,0
20834,0
19728,0.038
19276,0.002
21150,0
19277,0
19731,0
20537,0.004
19733,0
15020,0.756
15092,0.794
15093,0.512
14275,0.66
15096,0.556
13929,0.654
16454,0.84
15033,0
15669,0.002
13972,0.052
13973,0.004
16212,0.158
18931,0.042
18567,0.07
17450,0.014
18428,0.054
17451,0
19552,0.02
17454,0.066
19831,0
20189,0.296
18432,0
17461,0.01
20314,0.002
18476,0.44
19252,0.004
19564,0
18434,0
19836,0
20324,0.012
17594,0.06
20790,0
13142,0.11
13430,0.032
13180,0.378
13144,0.772
11976,0
12127,0.016
12144,0.002
14214,0
13181,0
13279,0
13331,0
13280,0
12145,0
13283,0.002
14192,0.002
13433,0
13434,0.006
13146,0.002
13149,0.004
13151,0.036
13288,0
14244,0.084
14245,0
12148,0
13189,0.002
14247,0.004
14249,0
13291,0
12353,0
13340,0
14408,0.02
21324,0.836
21458,0.796
22444,0.83
19580,0.864
22250,0.882
21429,0.842
19778,0.774
22286,0.002
21085,0
21087,0.032
21433,0
19780,0.002
20285,0
19587,0.02
22430,0.008
22435,0
22436,0.046
19593,0.488
22776,0
22374,0.012
24518,0.07
23278,0
23181,0
22141,0.008
24053,0.002
23522,0
24216,0
24321,0
23881,0
24710,0
23301,0.002
23585,0.046
24056,0
21964,0
24498,0
23186,0.002
24677,0
23264,0.018
24502,0.002
24503,0
24225,0.008
22129,0
23284,0.01
23285,0.008
21971,0
21972,0.002
22148,0.026
23289,0.012
22528,0
23148,0.002
22534,0
21974,0
22139,0.002
22535,0.002
24689,0.004
24312,0
23297,0.002
22540,0.002
22262,0.002
19942,0.008
23429,0
23431,0
21620,0.008
22264,0
22265,0.01
22611,0.004
23192,0
20454,0.002
21656,0
20455,0
20456,0.002
22613,0.006
21536,0.002
22919,0
21624,0.002
20638,0.004
23235,0.042
20100,0
21659,0
21778,0.012
22619,0.28
23366,0
20103,0
23367,0
23982,0.122
21661,0.026
19475,0
16011,0
18194,0.016
17464,0.002
18546,0.002
17098,0
18065,0.032
14969,0
18066,0
17074,0
17174,0
17466,0
17176,0.014
18158,0.044
18159,0
15959,0.046
15960,0.03
17467,0.276
14972,0
17469,0.002
17079,0.002
17103,0
17104,0.004
17105,0.006
17178,0
14973,0
15922,0
15962,0.01
18163,0
16113,0.002
17082,0
14975,0
16114,0
16115,0
15923,0
17478,0
23844,0.006
21192,0.002
22589,0
22591,0.028
23849,0
22594,0
24351,0
16145,0
15649,0.012
16419,0.078
15147,0.002
15650,0
16576,0.004
15297,0
17865,0.014
16148,0
16366,0.004
15301,0.002
15149,0
16731,0.008
16579,0.024
16149,0.002
15302,0
15153,0.06
15156,0.012
16981,0
15159,0
16607,0.01
16565,0.004
16566,0.538
16155,0
15791,0.008
15793,0
15422,0
16314,0.004
16695,0.024
16595,0.002
24865,0
28661,0.092
22889,0.002
24276,0
21738,0.038
22891,0.002
21739,0.012
21740,0
24625,0.008
24277,0.08
24626,0.006
28662,0
24866,0.036
23952,0.004
23953,0
21741,0
23167,0
21742,0.002
22894,0.002
21743,0
24278,0
28664,0.016
23168,0.002
24868,0.026
21744,0
24279,0.002
28669,0
24631,0
24632,0
28670,0.05
21746,0
24870,0
24282,0
23959,0
23170,0
21747,0
24633,0
22897,0.02
21749,0.006
23172,0.028
23960,0.072
24283,0
22898,0.002
22899,0
24284,0
23961,0
28672,0
21953,0
24634,0.022
24636,0.036
23173,0.03
23962,0.002
23137,0.016
23963,0
23139,0.002
24637,0
24488,0
24047,0
21956,0
24915,0
24916,0.012
23906,0.002
25085,0
15562,0.638
11553,0
13867,0.002
13869,0
11555,0
13466,0
13246,0.01
12727,0
12728,0
12330,0
10624,0.004
13468,0
10800,0.012
13871,0
11559,0
10803,0
12381,0.008
11560,0
13378,0
10805,0
11787,0
10806,0.082
12387,0
12905,0.01
10807,0
12738,0.02
11789,0
13381,0.026
13382,0.006
12389,0.004
12501,0.004
14800,0.022
15737,0
13668,0
14803,0
15740,0.01
12779,0.002
14806,0
14807,0.018
16191,0.044
13817,0.004
13818,0
13819,0.006
12780,0
14936,0.01
12784,0.002
12785,0
13822,0.006
15754,0.002
14939,0.002
15755,0
13823,0.002
13824,0
15756,0
15388,0
15930,0.078
17112,0
18212,0.016
17213,0
18083,0.01
18213,0.338
16122,0.054
17214,0.022
17481,0
16123,0
17482,0
18094,0.008
15931,0
20999,0
18341,0
17483,0
16125,0
16126,0
18987,0.042
17484,0
16128,0
17217,0
16130,0
15111,0.006
17485,0
18990,0
18991,0
17218,0.002
15933,0
17487,0
18346,0
15934,0
15114,0
16133,0
16135,0
19145,0
16137,0
17615,0
18349,0
18350,0.06
20231,0.336
15115,0
15117,0
18087,0.002
15935,0
16264,0
15119,0.002
19149,0
18355,0
18088,0
18109,0
16267,0
15120,0
21008,0
18216,0
15122,0.002
21504,0
28747,0
24429,0.014
24744,0.002
24891,0
23565,0
24750,0
25070,0
18582,0.002
18583,0.004
20925,0.002
28135,0
19691,0
20567,0
28136,0
19693,0
28138,0
19694,0
22176,0
19972,0.184
18585,0.006
22327,0.004
28139,0
18586,0
19976,0
22027,0
19978,0.008
19979,0.004
20570,0
28142,0.002
18588,0.014
19850,0.006
19851,0
18589,0.002
18590,0
22331,0.194
22028,0.002
22029,0
22030,0
20940,0.002
22333,0
20727,0.002
28149,0
20728,0.01
22031,0.004
19853,0
19988,0
14686,0.09
14687,0.006
11838,0
14008,0.002
12913,0.01
15378,0
15379,0.016
27200,0.008
14456,0.004
14457,0.006
12917,0.008
11842,0.008
14458,0.006
12846,0.002
14694,0.014
11843,0.008
14014,0.002
27202,0.016
14698,0.044
11847,0.006
12847,0.084
14699,0.05
14910,0.102
14017,0
24140,0.002
20290,0.004
23801,0.004
22852,0
23802,0
24141,0
24142,0
20291,0
21889,0
22854,0
24143,0
28448,0
23084,0
24145,0.016
24147,0.006
28449,0.118
23808,0.002
20294,0.048
28452,0.002
23085,0
23809,0.028
28453,0.006
22858,0
21610,0
24148,0
28456,0.008
28457,0
23811,0.004
24149,0
21891,0.048
24150,0.014
28458,0.002
21892,0.002
23813,0.002
24152,0.002
23217,0
21894,0.004
20297,0
21613,0.01
21896,0.002
24156,0.024
22863,0.018
23223,0.014
24022,0
19823,0
21995,0
21925,0
12984,0.014
11960,0.006
12986,0
14913,0
14468,0
13108,0
14915,0.004
12989,0.002
13110,0.002
17230,0
11962,0
15547,0
14473,0.002
14476,0.018
14027,0.01
13112,0.046
12994,0.002
12995,0.002
14030,0.008
13115,0
12996,0
13116,0.002
11965,0.054
14920,0
11966,0
13117,0.002
14921,0.002
15552,0
13119,0.002
13120,0.002
18447,0.002
12997,0
11975,0.002
15143,0
14930,0.008
15559,0.002
17803,0.002
19879,0
18796,0.002
17804,0
17805,0.002
18783,0.002
18784,0.058
19882,0
12361,0.084
12341,0
14129,0
13375,0.006
11274,0.07
12513,0.002
12344,0
13526,0.002
14156,0
12345,0
12394,0.102
11470,0
12517,0
13528,0.004
11471,0.002
13504,0.002
11472,0.002
11473,0.018
14180,0.002
15492,0
12364,0
12366,0
13507,0.004
12367,0
11475,0.032
13682,0
11275,0.032
13450,0
13685,0
11476,0
12397,0
12564,0.002
12369,0
13481,0
12350,0.002
11451,0.008
12351,0
14631,0.002
14595,0.002
11602,0.006
12569,0.002
13690,0
12374,0.018
11458,0.01
12376,0.002
12555,0.002
12627,0.004
13516,0
12574,0.002
14997,0
12510,0.002
12558,0
13518,0
12481,0
13489,0.002
13490,0
13521,0
13700,0
11462,0.002
11463,0
13491,0
12629,0
14819,0.016
13524,0
14293,0.002
18113,0.09
19158,0.024
19112,0.098
28057,0.044
21512,0.134
20088,0.118
21514,0.126
21517,0.212
28063,0.326
20245,0.158
18246,0.124
20093,0.268
18248,0.338
28064,0.224
20094,0.224
19168,0
20404,0.026
21751,0.014
19169,0
18258,0
21753,0.056
18259,0.002
19347,0.002
20255,0
20405,0.006
21754,0
20407,0.002
18260,0
21712,0
16635,0
19453,0.012
19796,0.002
27890,0
27891,0.002
24208,0.028
24447,0.04
23558,0
22178,0.002
28561,0
24288,0.018
22179,0
28634,0.012
28635,0
24170,0.002
24793,0
24467,0
23829,0
21562,0.782
28639,0.71
23833,0.796
21564,0.888
24174,0.702
22661,0.802
28642,0.916
